key,sequence
0,HAEGTFTSDVSSYLEGQAAKEFIAWLVKGRG
1,HADGTYTSDASSFLQEQAARDFISWLKKGQ-
2,HA-GTYTSDVSSYLQDQAAKEFVSWLKTGRG
-1,HADGTYTSDISSYLEEQAAKEFIAWLMNGRG
-1,HADGTYTSDISSYLEGQAAKDFIAWLMNGRG
-1,HADGTYTSDISSYLEEQAAKEFIAWLMNGRG
-1,HADGTYTSDISSYLEGQAAKDFIAWLMNGRG
-1,HADGTYTSDISSYLEEQAAKEFIAWLMNGRG
-1,HADGTYTSDISSYLEGQAAKDFIAWLMNGRG
-1,HADGTYTSDISSYLEGQAAKDFIAWLMNGRG
-1,HADGTYTSDISSYLEEQAAKEFIAWLMNGRG
-1,HSEGTFTSDFTRYLDKMKAKDFVHWLINTK-
-1,HSEGTFTSDFTRYLDKMKAKDFVHWLINTK-
-1,HSEGTFTSDFTRYLDKMKAKDFVHWLINTK-
-1,HSEGTFTSDFTRYLDKMKAKDFVHWLINTK-
-1,HSEGTFTSDFTRYLDKMKAKDFVHWLINTK-
-1,HSEGTFTSDFTRYLDKMKAKDFVHWLINTK-
-1,HSEGTFTSDFTRYLDKMKAKDFVHWLINTK-
-1,HSEGTFTSDFTRYLDKMKAKDFVHWLINTK-
-1,HSEGTFTSDFTRYLDRMKAKDFVHWLINTK-
-1,HSEGTFTSDFTRYLDRMKAKDFVHWLINTK-
-1,HSEGTFTSDFTRYLDRMKAKDFVHWLINTK-
-1,HSEGTFTSDFTRYLDRMKAKDFVHWLINTK-
-1,HSEGTFTSDFTRYLDRMKAKDFVHWLINTK-
-1,HSEGTFTSDFTRYLDRMKAKDFVHWLINTK-
-1,HSEGTFTSDFTRYLDRMKAKDFVHWLINTK-
-1,HSEGTFTSDFTRYLDRMKAKDFVHWLINTK-
-1,HSEGTFTSDFTRYLDRMKAKDFVHWLINTK-
-1,HSEGTFTSDFTRYLDRMKAKDFVHWLINTK-
-1,HSEGTFTSDFTRYLDKMKAKDFVHWLINTK-
-1,HSEGTFTSDFTRYLDRMKAKDFVHWLINTK-
-1,HSEGTFTSDFTRYLDKMKAKDFVHWLINTK-
-1,HSEGTFTSDFTRYLDRMKAKDFVHWLINTK-
-1,HSEGTFTSDFTRYLDKMKAKDFVHWLINTK-
-1,HSEGTFTSDFTRYLDKMKAKDFVHWLINTK-
-1,HSEGTFTSDFTRYLDKMKAKDFVHWLINTK-
-1,HSEGTFTSDFTRYLDKMKAKDFVHWLINTK-
-1,HSEGTFTSDFTRYLDKMKAKDFVHWLINTK-
-1,HSEGTFTSDFTRYLDKMKAKDFVHWLINTK-
-1,HSEGTFTSDFTRYLDKMKAKDFVHWLINTK-
-1,HSEGTFTSDFTRYLDKMKAKDFVHWLINTK-
-1,HSEGTFTSDFTRYLDKMKAKDFVHWLINTK-
-1,HSEGTFTSDFTRYLDKMKAKDFVHWLINTR-
-1,HADGTYTSDISSYLEEQAAKEFIAWLMSGRG
-1,HSEGTFTSDFTRYLDRMKAKDFVHWLINTK-
-1,HSEGTFTSDFTRYLDKMKAKDFVHWLINTK-
-1,HSEGTFTSDFTRYLDKMKAKDFVHWLINTK-
-1,HSEGTFTSDFTRYLDKMKAKDFVHWLINTK-
-1,HSEGTFTSDFTRYLDRMKAKDFVHWLINTK-
-1,HSEGTFTSDFTRYLDKMKAKDFVHWLINTK-
-1,HSEGTFTSDFTRYLDKMKAKDFVHWLINTK-
-1,HSEGTFTSDFTRYLDRMKAKDFVHWLINTK-
-1,HSEGTFTSDFTRYLDKMKAKDFVHWLINTK-
-1,HSEGTFTSDFTRYLDKMKAKDFVHWLINTK-
-1,HSEGTFTSDFTRYLDKMKAKDFVHWLINTK-
-1,HSEGTFTSDFTRYLDKMKAKDFVHWLINTK-
-1,HSEGTFTSDFTRYLDKMKAKDFVHWLINTK-
-1,HSEGTFTSDFTRYLDKMKAKDFVHWLINTK-
-1,HSEGTFTSDFTRYLDKMKAKDFVHWLINTK-
-1,HSEGTFTSDFTRYLDKMKAKDFVHWLINTK-
-1,HSEGTFTSDFTRYLDKMKAKDFVHWLINTK-
-1,HSEGTFTSDFTRYLDKMKAKDFVHWLINTK-
-1,HSEGTFTSDFTRYLDKMKAKDFVHWLINTK-
-1,HSEGTFTSDFTRYLDKMKAKDFVHWLINAK-
-1,HSEGTFTSDFTRYLDKMKAKDFVHWLINTK-
-1,HSEGTFTSDFTRYLDKMKAKDFVHWLINTK-
-1,HSEGTFTSDFTRYLDKMKAKDFVHWLINTK-
-1,HSEGTFTSDFTRYLDRMKAKDFVHWLINTK-
-1,HSEGTFTSDFTRYLDKMKAKDFVHWLINTK-
-1,HSEGTFTSDFTRYLDKMKAKDFVHWLINTK-
-1,HSEGTFTSDFTRYLDKMKAKDFVHWLINTK-
-1,HSEGTFTSDFTRYLDKMKAKDFVHWLINTK-
-1,HSEGTFTSDFTRYLDKMKAKDFVHWLINTK-
-1,HSEGTFTSDFTRYLDKMKAKDFVHWLINTK-
-1,HSEGTFTSDFTRYLDRMKAKDFVHWLINTK-
-1,HSEGTFTSDFTRYLDRMKAKDFVHWLINTK-
-1,HSEGTFTSDFTRYLDRMKAKDFVHWLINTK-
-1,HADGTYTSDISSYLEEQAAKEFIAWLMSGRG
-1,HSEGTFTSDFTRYLDKMKAKDFVHWLINTK-
-1,HADGTYTSDISSYLEEQAAKEFIAWLMSGRG
-1,HAEGTFTSDVSSYLEGQAAKEFIAWLVKGRG
-1,HSEGTFTSDFTRYLDRMKAKDFVHWLINTK-
-1,HSEGTFTSDFTRYLDRMKAKDFVHWLINTK-
-1,HAEGTFTSDVSSYLEGQAAKEFIAWLVKGRG
-1,HAEGTFTSDVSSYLEGQAAKEFIAWLVKGRG
-1,HAEGTFTSDVSSYLEGQAAKEFIAWLVKGRG
-1,HAEGTFTSDVSSYLEGQAAKEFIAWLVKGRG
-1,HAEGTFTSDVSSYLEGQAAKEFIAWLVKGRG
-1,HAEGTFTSDVSSYLEGQAAKEFIAWLVKGRG
-1,HAEGTFTSDVSSYLEGQAAKEFIAWLVKGRG
-1,HAEGTFTSDVSSYLEGQAAKEFIAWLVKGRG
-1,HAEGTFTSDVSSYLEGQAAKEFIAWLVKGRG
-1,HAEGTFTSDVSSYLEGQAAKEFIAWLVKGRG
-1,HAEGTFTSDVSSYLEGQAAKEFIAWLVKGRG
-1,HAEGTFTSDVSSYLEGQAAKEFIAWLVKGRG
-1,HAEGTFTSDVSSYLEGQAAKEFIAWLVKGRG
-1,HAEGTFTSDVSSYLEGQAAKEFIAWLVKGRG
-1,HAEGTFTSDVSSYLEGQAAKEFIAWLVKGRG
-1,HAEGTFTSDVSSYLEGQAAKEFIAWLVKGRG
-1,HAEGTFTSDVSSYLEGQAAKEFIAWLVKGRG
-1,HAEGTFTSDVSSYLEGQAAKEFIAWLVKGRG
-1,HAEGTFTSDVSSYLEGQAAKEFIAWLVKGRG
-1,HAEGTFTSDVSSYLEGQAAKEFIAWLVKGRG
-1,HAEGTFTSDVSSYLEGQAAKEFIAWLVKGRG
-1,HAEGTFTSDVSSYLEGQAAKEFIAWLVKGRG
-1,HAEGTFTSDVSSYLEGQAAKEFIAWLVKGRG
-1,HAEGTFTSDVSSYLEGQAAKEFIAWLVKGRG
-1,HAEGTFTSDVSSYLEGQAAKEFIAWLVKGRG
-1,HAEGTFTSDVSSYLEGQAAKEFIAWLVKGRG
-1,HAEGTFTSDVSSYLEGQAAKEFIAWLVKGRG
-1,HAEGTFTSDVSSYLEGQAAKEFIAWLVKGRG
-1,HAEGTFTSDVSSYLEGQAAKEFIAWLVKGRG
-1,HAEGTFTSDVSSYLEGQAAKEFIAWLVKGRG
-1,HAEGTFTSDVSSYLEGQAAKEFIAWLVKGRG
-1,HAEGTFTSDVSSYLEGQAAKEFIAWLVKGRG
-1,HAEGTFTSDVSSYLEGQAAKEFIAWLVKGRG
-1,HAEGTFTSDVSSYLEGQAAKEFIAWLVKGRG
-1,HAEGTFTSDVSSYLEGQAAKEFIAWLVKGRG
-1,HAEGTFTSDVSSYLEGQAAKEFIAWLVKGRG
-1,HAEGTFTSDVSSYLEGQAAKEFIAWLVKGRG
-1,HAEGTFTSDVSSYLEGQAAKEFIAWLVKGRG
-1,HAEGTFTSDVSSYLEGQAAKEFIAWLVKGRG
-1,HAEGTFTSDVSSYLEGQAAKEFIAWLVKGRG
-1,HAEGTFTSDVSSYLEGQAAKEFIAWLVKGRG
-1,HAEGTFTSDVSSYLEGQAAKEFIAWLVKGRG
-1,HAEGTFTSDVSSYLEGQAAKEFIAWLVKGRG
-1,HAEGTFTSDVSSYLEGQAAKEFIAWLVKGRG
-1,HAEGTFTSDVSSYLEGQAAKEFIAWLVKGRG
-1,HSEGTFTSDFTRYLDKMKAKDFVHWLINTK-
-1,HAEGTFTSDVSSYLEGQAAKEFIAWLVKGRG
-1,HADGTYTSDISSYLEEQAAKEFIAWLMSGRG
-1,HAEGTFTSDVSSYLEGQAAKEFIAWLVKGRG
-1,HADGTYTSDISSYLEEQAAKEFIAWLMSGRG
-1,HSEGTFTSDFTRYLDRMKAKDFVHWLINTK-
-1,HAEGTFTSDVSSYLEGQAAKEFIAWLVKGRG
-1,HAEGTFTSDVSSYLEGQAAKEFIAWLVKGRG
-1,HSEGTFTSDFTRYLDKMKAKDFVHWLINTK-
-1,HAEGTFTSDVSSYLEGQAAKEFIAWLVKGRG
-1,HAEGTFTSDVSSYLEGQAAKEFIAWLVKGRG
-1,HAEGTFTSDVSSYLEGQAAKEFIAWLVKGRG
-1,HAEGTFTSDVSSYLEGQAAKEFIAWLVKGRG
-1,HAEGTFTSDVSSYLEGQAAKEFIAWLVKGRG
-1,HAEGTFTSDVSSYLEGQAAKEFIAWLVKGRG
-1,HAEGTFTSDVSSYLEGQAAKEFIAWLVKGRG
-1,HSEGTFTSDFTRYLDKMKAKDFVHWLINTK-
-1,HAEGTFTSDVSSYLEGQAAKEFIAWLVKGRG
-1,HAEGTFTSDVSSYLEGQAAKEFIAWLVKGRG
-1,HAEGTFTSDVSSYLEGQAAKEFIAWLVKGRG
-1,HSEGTFTSDFTQYLDKMKAKDFVHWLINAK-
-1,HSEGTFTSDFTHYLDRMKAKDFVHWLINTK-
-1,HSEGTFTSDFTHYLDKMKAKDFVHWLINTK-
-1,HSEGTFTSDFTHYLDKMKAKDFVHWLINTK-
-1,HADGTYTSDISSYLEEKAAKEFIAWLMSGRG
-1,HADGTYTSDISSYLEEKAAKEFIAWLMSGRG
-1,HAEGTFTSDVSSYLEGQAAKEFIAWLVRGRG
-1,HADGTYTSDISSYLEGQAAKEFIAWLVNGRG
-1,HADGTYTSDISSYLEGQAAKEFIAWLVNGRG
-1,HADGTYTSDISSYLEGQAAKEFIAWLVNGRG
-1,HADGTYTSDISSYLEGQAAKEFIAWLVNGRG
-1,HADGTYTSDISSYLEGQAAKEFIAWLVNGRG
-1,HADGTYTSDISSYLEGQAAKEFIAWLVNGRG
-1,HADGTYTSDISSYLEGQAAKEFIAWLVNGRG
-1,HADGTYTSDISSYLEGQAAKEFIAWLVNGRG
-1,HSEGTFTSDYSKYLENKQAKDFVRWLMNAK-
-1,HADGTYTSDISSYLEGQAAKEFIAWLVNGRG
-1,HADGTYTSDISSYLEGQAAKEFIAWLVNGRG
-1,HADGTYTSDISSYLEGQAAKEFIAWLVNGRG
-1,HADGTYTSDISSYLEGQAAKEFIAWLVNGRG
-1,HADGTYTSDISSYLEGQAAKEFIAWLVNGRG
-1,HSEGTFSSDFTRYLDKMKAKDFVHWLINTK-
-1,HSEGTFTSDFTRYLDKMKAKDFVHWLIN---
-1,HSEGTFSSDFTRYLDKMKAKDFVHWLINTK-
-1,HSEGTFSSDFTRYLDKMKAKDFVHWLINTK-
-1,HAEGTYTSDITSYLEGQAAKEFIAWLVNGRG
-1,HAEGTYTSDITSYLEGQAAKEFIAWLVNGRG
-1,HAEGTYTSDITSYLEGQAAKEFIAWLVNGRG
-1,HSQGTFTSDYSKYLDSRRAQDFVQWLMNSK-
-1,HSEGTFSSDFTRYLDKMKAKDFVHWLINTK-
-1,HSEGTFTSDFTRYLDKMKAKDFVHWLIN---
-1,HSEGTFTSDFTRYLDKMKAKDFVHWLIN---
-1,HSEGTFSSDFTRYLDKMKAKDFVHWLINTK-
-1,HSEGTFSSDFTRYLDKMKAKDFVHWLINTK-
-1,HAEGTYTSDITSYLEGQAAKEFIAWLVNGRG
-1,HSEGTFTSDFTRYLDKMKAKDFVRWLISTK-
-1,HSEGTFSSDFTRYLDKMKAKDFVHWLINTK-
-1,HAEGTYTSDITSYLEGQAAKEFIAWLVNGRG
-1,HAEGTYTSDITSYLEGQAAKEFIAWLVNGRG
-1,HSQGTFTSDYSKYLDNKKAQEFVNWLMNNK-
-1,HSEGTFSSDFTRYLDRMKAKDFVHWLINTK-
-1,HADGTYTSDISSYLEGQAAKEFIDWLVNGQG
-1,HAEGTYTSDITSYLEGQAAKEFIAWLVNGRG
-1,HAEGTYTSDITSYLEGQAAKEFIAWLVNGRG
-1,HAEGTYTSDITSYLEGQAAKEFIAWLVNGRG
-1,HAEGTYTSDITSYLEGQAAKEFIAWLVNGRG
-1,HAEGTYTSDITSYLEGQAAKEFIAWLVNGRG
-1,HAEGTYTSDITSYLEGQAAKEFIAWLVNGRG
-1,HSQGTFTSDYSKYLDSRRAQDFVQWLMNSK-
-1,HAEGTYTSDVSSYLEVKAAKDFIDWLIKGRG
-1,HSQGTFTSDYSKYLDSRRAQDFVQWLMNSK-
-1,HAEGTYTSDITSYLEGQAAKEFIAWLVNGRG
-1,HSQGTFTSDYSKYLDSRRAQDFVQWLMNSK-
-1,HAEGTYTSDITSYLEGQAAKEFIAWLVNGRG
-1,HAEGTYTSDITSYLEGQAAKEFIAWLVNGRG
-1,HAEGTYTSDITSYLEGQAAKEFIAWLVNGRG
-1,HAEGTYTSDITSYLEGQAAKEFIAWLVNGRG
-1,HAEGTYTSDITSYLEGQAAKEFIAWLVNGRG
-1,HAEGTYTSDITSYLEGQAAKEFIAWLVNGRG
-1,HAEGTYTSDITSYLEGQAAKEFIAWLVNGRG
-1,HAEGTYTSDITSYLEGQAAKEFIAWLVNGRG
-1,HAEGTYTSDITSYLEGQAAKEFIAWLVNGRG
-1,HAEGTYTSDITSYLEGQAAKEFIAWLVNGRG
-1,HAEGTYTSDITSYLEGQAAKEFIAWLVNGRG
-1,HAEGTYTSDITSYLEGQAAKEFIAWLVNGRG
-1,HAEGTYTSDITSYLEGQAAKEFIAWLVNGRG
-1,HAEGTYTSDITSYLEGQAAKEFIAWLVNGRG
-1,HAEGTYTSDITSYLEGQAAKEFIAWLVNGRG
-1,HAEGTYTSDITSYLEGQAAKEFIAWLVNGRG
-1,HAEGTYTSDITSYLEGQAAKEFIAWLVNGRG
-1,HAEGTYTSDITSYLEGQAAKEFIAWLVNGRG
-1,HAEGTYTSDITSYLEGQAAKEFIAWLVNGRG
-1,HAEGTYTSDITSYLEGQAAKEFIAWLVNGRG
-1,HAEGTYTSDITSYLEGQAAKEFIAWLVNGRG
-1,HAEGTYTSDITSYLEGQAAKEFIAWLVNGRG
-1,HAEGTYTSDITSYLEGQAAKEFIAWLVNGRG
-1,HAEGTYTSDITSYLEGQAAKEFIAWLVNGRG
-1,HAEGTYTSDITSYLEGQAAKEFIAWLVNGRG
-1,HAEGTYTSDITSYLEGQAAKEFIAWLVNGRG
-1,HAEGTYTSDITSYLEGQAAKEFIAWLVNGRG
-1,HAEGTYTSDITSYLEGQAAKEFIAWLVNGRG
-1,HAEGTYTSDITSYLEGQAAKEFIAWLVNGRG
-1,HADGTYTSDISSYLEGQAAKEFIDWLVNGQG
-1,HAEGTYTSDITSYLEGQAAKEFIAWLVNGRG
-1,HAEGTYTSDITSYLEGQAAKEFIAWLVNGRG
-1,HAEGTYTSDITSYLEGQAAKEFIAWLVNGRG
-1,HAEGTYTSDITSYLEGQAAKEFIAWLVNGRG
-1,HAEGTYTSDITSYLEGQAAKEFIAWLVNGRG
-1,HAEGTYTSDITSYLEGQAAKEFIAWLVNGRG
-1,HAEGTYTSDITSYLEGQAAKEFIAWLVNGRG
-1,HAEGTYTSDITSYLEGQAAKEFIAWLVNGRG
-1,HAEGTYTSDITSYLEGQAAKEFIAWLVNGRG
-1,HAEGTYTSDITSYLEGQAAKEFIAWLVNGRG
-1,HSQGTFTSDYSKYLDSRRAQDFVQWLMNSK-
-1,HSQGTFTSDYSKYLDSRRAQDFVQWLMNSK-
-1,HSQGTFTSDYSKYLDSRRAQDFVQWLMNSK-
-1,HSQGTFTSDYSKYLDSRRAQDFVQWLMNSK-
-1,HSQGTFTSDYSKYLDSRRAQDFVQWLMNSK-
-1,HSQGTFTSDYSKYLDSRRAQDFVQWLMNSK-
-1,HSQGTFTSDYSKYLDSRRAQDFVQWLMNSK-
-1,HSQGTFTSDYSKYLDSRRAQDFVQWLMNSK-
-1,HAEGTYTSDITSYLEGQAAKEFIAWLVNGRG
-1,HAEGTYTSDITSYLEGQAAKEFIAWLVNGRG
-1,HAEGTYTSDITSYLEGQAAKEFIAWLVNGRG
-1,HAEGTYTSDITSYLEGQAAKEFIAWLVNGRG
-1,HSEGTFTSDYSKYLDNRRAKDFVQWLMN---
-1,HSDGTFTSDFTNYLDKMKAKDFVEWLASTK-
-1,HSEGTFTSDFTHYLDRLKAKDFVHWLINTK-
-1,HSEGTFSSDFTHYLDKMKAKDFVHWLINTK-
-1,HADGTFTSDMSSYLEEKAAKEFVDWLIKGR-
-1,HSEGTFTSDLTKHLDRMKAKDFVQWLMNTK-
-1,HSEGTFTSDFTHYLDRLKAKDFVHWLINTK-
-1,HSQGTFTSDYSKYLDTIRAQDFVQWLMNTK-
-1,HSQGTFTSDYSKYLDTIRAQDFVQWLMNTK-
-1,HADGTFTSDMSSYLEEKAAKEFVDWLIKGR-
-1,HSQGTFTNDYSKYLETKRAQDFVQWLMNSK-
-1,HSQGTFTNDYSKYLETKRAQDFVQWLMNSK-
-1,HSQGTFTSDYSKYLDTIRAQDFVQWLMNTK-
-1,HSQGTFTSDYSKYLDTIRAQDFVQWLMNTK-
-1,HSQGTFTSDYSKYLDTIRAQDFVQWLMNTK-
-1,HSQGTFTSDYSKYLDTIRAQDFVQWLMNTK-
-1,HADGTFTSDMSSYLEEKAAKEFVDWLIKGR-
-1,HADGTFTSDMSSYLEEKAAKEFVDWLIKGR-
-1,HSEGTFTSDYSKYMDNRRAKDFVQWLMSTK-
-1,HSQGTFTSDYSKYLDTRRAQDFVQWLMNTK-
-1,HADGTFTSDISSYLESQAAKEFIAWLANGGG
-1,HSEGTFTSDFTRYLDKMKAKDFVHWLLN---
-1,HSEGTFSSDLTRYLDRMKAKDFVQWLMNEK-
-1,HSEGTFTSDLTRHLDRMKAKDFVQWLMNTK-
-1,HSEGTFSSDLTRYLDKMKAKDFVQWLMNKR-
-1,HSEGTFSSDLTRYLDKMKAKDFVQWLMNKR-
-1,HADGTFTSDVSSYLQDQAAKEFVSWLKTGRG
-1,HADGTFTSDVSSYLQDQAAKEFVSWLKTGRG
-1,HAEGTYTSDVSSYLQDQAAKEFVSWLKNGRG
-1,HADGTFTSDVSSYLQDQAAKEFVSWLKTGRG
-1,HAEGTYTSDVSSYLQDQAAKEFVSWLKNGRG
-1,HADGTFTSDVSSYLQDQAAKEFVSWLKTGRG
-1,HADGTFTSDVSSYLQDQAAKEFVSWLKTGRG
-1,HADGTFTSDVSSYLQDQAAKEFVSWLKTGRG
-1,HADGTFTSDVSSYLQDQAAKEFVSWLKTGRG
-1,HADGTFTSDISSYLESQAAKEFIAWLANGGG
-1,HADGTFTSDVSSYLQDQAAKEFVSWLKTGRG
-1,HADGTFTSDVSSYLQDQAAKEFVSWLKTGRG
-1,HSQGTFTSDYSKYLDTRRAQDFVQWLMNTK-
-1,HADGTFTSDISSYLESQAAKEFIAWLANGGG
-1,HSQGTFTSDYSKYLDTRRAQDFVQWLMNTK-
-1,HSQGTFTSDYSKYLDTRRAQDFVQWLMNTK-
-1,HSQGTFTSDYSKYLDSRRAQDFVQWLMNTK-
-1,HSEGTFSNDYSKYLETQRAQDFVQWLMNSK-
-1,HAEGTYTSDVSSYLQDQAAKEFVSWLKNGRG
-1,HSEGTFSNDYSKYLETQRAQDFVQWLMNSK-
-1,HSQGTFTSDYSKYLDSRRAQDFVQWLMNAK-
-1,HSQGTFTSDYSKYLDAKRAQDFVEWLMTSK-
-1,HSQGTFTSDYSKYLDSRRAQDFVQWLMNTK-
-1,HSQGTFTSDYSKYLDSRRAQDFVQWLMNTK-
-1,HSQGTFTSDYSKYLDSRRAQDFVQWLMNTK-
-1,HSQGTFTSDYSKYLDSRRAQDFVEWLMNTK-
-1,HSQGTFTSDYSKYLDSRRAQDFVQWLMNTK-
-1,HSQGTFTSDYSKYLDSRRAQDFVQWLMNTK-
-1,HSQGTFTSDYSKYLDSRRAQDFVQWLMNTK-
-1,HSQGTFTSDYSKYLDSRRAQDFVQWLMNTK-
-1,HSQGTFTSDYSKYLDSRRAQDFVQWLMNTK-
-1,HSQGTFTSDYSKYLDSRRAQDFVQWLMNTK-
-1,HSQGTFTSDYSKYLDSRRAQDFVQWLMNTK-
-1,HSQGTFTSDYSKYLDSRRAQDFVQWLMNTK-
-1,HADGTFTSDISSYLESQAAKEFIAWLANGGG
-1,HSQGTFTSDYSKYLDSRRAQDFVQWLMNTK-
-1,HSQGTFTSDYSKYLDSRRAQDFVQWLMNTK-
-1,HSQGTFTSDYSKYLDSRRAQDFVQWLMNTK-
-1,HSQGTFTSDYSKYLDSRRAQDFVQWLMNTK-
-1,HSQGTFTSDYSKYLDSRRAQDFVQWLMNTK-
-1,HSQGTFTSDYSKYLDSRRAQDFVQWLMNTK-
-1,HSQGTFTSDYSKYLDSRRAQDFVQWLMNTK-
-1,HSQGTFTSDYSKYLDSRRAQDFVQWLMNTK-
-1,HSQGTFTSDYSKYLDSRRAQDFVQWLMNTK-
-1,HSQGTFTSDYSKYLDSRRAQDFVQWLMNTK-
-1,HSQGTFTSDYSKYLDSRRAQDFVQWLMNTK-
-1,HAEGTFTSDVSSYLEGQAAKEFIAWLVKGR-
-1,HSQGTFTSDYSKYLDSRRAQDFVQWLMNTK-
-1,HSQGTFTSDYSKYLDSRRAQDFVQWLMNTK-
-1,HSQGTFTSDYSKYLDSRRAQDFVQWLMNTK-
-1,HSQGTFTSDYSKYLDSRRAQDFVQWLMNTK-
-1,HSQGTFTSDYSKYLDSRRAQDFVQWLMNTK-
-1,HSQGTFTSDYSKYLDSRRAQDFVQWLMNTK-
-1,HSQGTFTSDYSKYLDSRRAQDFVQWLMNTK-
-1,HSQGTFTSDYSKYLDSRRAQDFVQWLMNTK-
-1,HSQGTFTSDYSKYLDSRRAQDFVQWLMNTK-
-1,HSQGTFTSDYSKYLDSRRAQDFVHWLMNTK-
-1,HSQGTFTSDYSKYLDSRRAQDFVQWLMNTK-
-1,HSQGTFTSDYSKYLDSRRAQDFVQWLMNTK-
-1,HSQGTFTSDYSKYLDSRRAQDFVQWLMNTK-
-1,HSQGTFTSDYSKYLDSRRAQDFVQWLMNTK-
-1,HSQGTFTSDYSKYLDTRRAQDFVQWLMNTK-
-1,HSQGTFTSDYSKYLDAKRAQDFVEWLMTSK-
-1,HSQGTFTSDYSKYLDTRRAQDFVQWLMNTK-
-1,HSEGTFTSDYSKYMDNRRAKDFVQWLMSTK-
-1,HSQGTFTSDYSKYLDTRRAQDFVQWLMNTK-
-1,HADGTFTSDISSYLESQAAKEFIAWLANGGG
-1,HADGTFTSDISSYLESQAAKEFIAWLANGGG
-1,HADGTFTSDISSYLESQAAKEFIAWLANGGG
-1,HSQGTFTSDYSKYLDSRRAQDFVQWLMNTK-
-1,HSQGTFTSDYSKYLDTRRAQDFVQWLMNTK-
-1,HSQGTFTSDYSKYLDTRRAQDFVQWLMNTK-
-1,HSQGTFTSDYSKYLDTRRAQDFVQWLMNTK-
-1,HSQGTFTSDYSKYLDTRRAQDFVQWLMNTK-
-1,HSQGTFTSDYSKYLDTRRAQDFVQWLMNTK-
-1,HAEGTYTSDITSYLEGQAAKEFIAWLVSGRG
-1,HSQGTFTSDYSKYLDSRRAQDFVQWLMNTK-
-1,HSQGTFTSDYSKYLDSRRAQDFVQWLMNTK-
-1,HAEGTFTSDMTSYLEEKAAKEFVDWLIKGR-
-1,HSQGTFTSDYSKYLDSRRAQDFVQWLMNTK-
-1,HSEGTFTSDYSKYMDNRRAKDFVQWLMSTK-
-1,HSEGTFTSDYSKYMDNRRAKDFVQWLMSTK-
-1,HSEGTFTSDYSKYMDNRRAKDFVQWLMSTK-
-1,HSQGTFTSDYSKYLDSRRAQDFVQWLMNTK-
-1,HSQGTFTSDYSKYLDSRRAQDFVQWLMNTK-
-1,HSQGTFTSDYSKYLDSRRAQDFVQWLMNTK-
-1,HSQGTFTSDYSKYLDSRRAQDFVQWLMNTK-
-1,HSQGTFTSDYSKYLDSRRAQDFVQWLMNTK-
-1,HSQGTFTSDYSKYLDSRRAQDFVQWLMNTK-
-1,HSQGTFTSDYSKYLDSRRAQDFVQWLMNTK-
-1,HSQGTFTSDYSKYLDSRRAQDFVQWLMNTK-
-1,HSQGTFTSDYSKYLDSRRAQDFVQWLMNTK-
-1,HSEGTFTSDYSKYMDNRRAKDFVQWLMSTK-
-1,HSQGTFTSDYSKYLDSRRAQDFVQWLMNTK-
-1,HSQGTFTSDYSKYLDSRRAQDFVQWLMNTK-
-1,HSQGTFTSDYSKYLDSRRAQDFVQWLMNTK-
-1,HSEGTFSSDFSHYLDRMRAKDFVHWLISTK-
-1,HADGSYTSDISSYLEGQAAKEFIAWLVNGRG
-1,HSDGTFTNDFTRYLDKMKAKDFVEWLASTK-
-1,HSDGTFTSDLTNYLDKMKAKDFVEWLTSTK-
-1,HSEGTFTSDLTRHLDRMKAKDFIQWLMNTK-
-1,HSDGTFTSDFTNYLDKKKAKDFVEWLTSTK-
-1,HADGTYTSDVSSYLQDQAAKEFVTWLKNGRG
-1,HSQGTFTNDYSKYLETRRAQDFVQWLMNSK-
-1,HSQGTFTNDYSKYLETRRAQDFVQWLMNSK-
-1,HSEGTFTSDYSKFLDNVRARDFVNWLMNSK-
-1,HADGSYTSDISSYLEGQAAKEFIAWLVNGRG
-1,HSQGTFTNDYSKYLETRRAQDFVQWLMNSK-
-1,HSQGTFTNDYSKYLETRRAQDFVQWLMNSK-
-1,HSQGTFTNDYSKYLETRRAQDFVQWLMNSK-
-1,HSQGTFTNDYSKYLETRRAQDFVQWLMNSK-
-1,HSQGTFTSDYSKYLDTRRAQDFVDWLMNTK-
-1,HSQGTFTNDYSKYLETRRAQDFVQWLMNSK-
-1,HAEGTFTSDISSYLEGQAAKEFIAWLVKGPG
-1,HADGSYTSDISSYLEGQAAKEFIAWLVNGRG
-1,HSQGTFTSDYTKYLDTRRAQDFVQWLMNTK-
-1,HADGSYTSDISSYLEGQAAKEFIAWLVNGRG
-1,HSQGTFTSDYSKYLDSRRAQDFIQWLMNTK-
-1,HSEGTFSNDYSKYLEDMKAQDFVRWLMNNK-
-1,HSEGTFSSDYSKYLDSRRAKDFVQWLMSTK-
-1,HSQGTFTSDYSKYLDTRRAQDFVQWLMSTK-
-1,HSQGTFTSDYSKYLDTRRAQDFVQWLMSTK-
-1,HSDGTFTSDFTNYLDKIKAKDFVEWLASTK-
-1,HSEGTFTSDFTRHLDNMKAKDFVHWLINTK-
-1,HSEGTFTSDFTRHLDNMKAKDFVHWLINTK-
-1,HSQGTFTNDYSKYLETRRAQDFIQWLMNSK-
-1,HADGTFTSDVSTYLQDQAAKEFVSWLKTGRG
-1,HSQGTFTNDYSKYLETRRAQDFIQWLMNSK-
-1,HSQGTFTNDYSKYLETRRAQDFIQWLMNSK-
-1,HAEGTYTSDVSSYLQEQAAKDFISWLKSGRG
-1,HSQGTFTSDYSKYLDSRRAQDFVQWLMSTK-
-1,HSQGTFTSDYTKYLDTIRAQDFVQWLMSTK-
-1,HSQGTFTSDYSKYLDMRRAQDFVQWLMNTK-
-1,HSQGTFTSDYSKYLDTRRAQDFVQWLMSTK-
-1,HSQGTFTSDYSKYLDSRRAQDFVQWLMSTK-
-1,HSQGTFTSDYSKYLDTRRAQDFVQWLMSTK-
-1,HSEGTFSNDYSKYLEDRKAKDFVRWLMNNK-
-1,HSQGTFTSDYSKYLDSRRAQDFVRWLMNTK-
-1,HSQGTFTSDYSKYLDARRAQDFVEWLMTSK-
-1,HSQGTFTSDYSKYLDSRRAQDFVQWLMSTK-
-1,HSEGTFSNDYSKYLEDRKAKDFVRWLMNNK-
-1,HSQGTFTSDYSKYLDSRRAQDFVQWLMSTK-
-1,HSQGTFTSDYTKYLDALRAQEFVQWLMNNK-
-1,HSQGTFTSDYSKYLDSRRAQDFVQWLMSTK-
-1,HSQGTFTSDYTKYLDALRAQEFVQWLMNNK-
-1,HSQGTFTSDYSKYLDSRRAQDFVQWLMSTK-
-1,HSQGTFTSDYSKYLDTRRAQDFVQWLMSTK-
-1,HAEGTFTNDMTSYLEEKAAKEFVDWLIKGR-
-1,HSQGTFTSDYSKYLDTRRAQDFVQWLMSTK-
-1,HSQGTFTSDYSKYLDTRRAQDFVQWLMSTK-
-1,HSQGTFTSDYSKYLDTRRAQDFVQWLMSTK-
-1,HSQGTFTSDYSKYLDTRRAQDFVQWLMSTK-
-1,HSQGTFTSDYSKYLDTRRAQDFVQWLMSTK-
-1,HSQGTFTSDYSKYLDTRRAQDFVQWLMSTK-
-1,HSQGTFTSDYSKYLDTRRAQDFVQWLMSTK-
-1,HSQGTFTSDYSKYLDTRRAQDFVQWLMSTK-
-1,HSQGTFTSDYSKYLDTRRAQDFVQWLMSTK-
-1,HSQGTFTSDYSKYLDSRRAQDFVQWLMSTK-
-1,HSQGTFTSDYTKYLDTIRAQDFVQWLMSTK-
-1,HSQGTFTSDYSKYLDTRRAQDFVQWLMSTK-
-1,HSQGTFTSDYSKYLDTRRAQDFVQWLMSTK-
-1,HSQGTFTSDYSKYLDTRRAQDFVQWLMSTK-
-1,HSQGTFTSDYSKYLDTRRAQDFVQWLMSTK-
-1,HSQGTFTSDYSKYLDTRRAQDFVQWLMSTK-
-1,HSQGTFTSDYSKYLDTRRAQDFVQWLMSTK-
-1,HSQGTFTSDYSKYLDTRRAQDFVQWLMSTK-
-1,HSQGTFTSDYSKYLDTRRAQDFVQWLMSTK-
-1,HSQGTFTSDYSKYLDTRRAQDFVQWLMSTK-
-1,HSQGTFTSDYSKYLDTRRAQDFVQWLMSTK-
-1,HSQGTFTSDYSKYLDTRRAQDFVQWLMSTK-
-1,HSQGTFTSDYSKYLDMRRAQDFVQWLMNTK-
-1,HSQGTFTSDYSKYLDTRRAQDFVQWLMSTK-
-1,HSQGTFTSDYSKYLDSRRAQDFVQWLMSTK-
-1,HSQGTFTSDYSKYLDTRRAQDFVQWLMSTK-
-1,HSQGTFTSDYSKYLDTRRAQDFVQWLMSTK-
-1,HSQGTFTSDYSKYLDTRRAQDFVQWLMSTK-
-1,HSQGTFTSDYSKYLDTRRAQDFVQWLMSTK-
-1,HSQGTFTSDYSKYLDTRRAQDFVQWLMSTK-
-1,HSQGTFTSDYSKYLDTRRAQDFVQWLMSTK-
-1,HSQGTFTSDYSKYLDTRRAQDFVQWLMSTK-
-1,HSQGTFTSDYSKYLDTRRAQDFVQWLMSTK-
-1,HSQGTFTSDYSKYLDTRRAQDFVQWLMSTK-
-1,HSQGTFTSDYSKYLDTRRAQDFVEWLMTSK-
-1,HSQGTFTSDYSKYLDSRRAQDFVQWLMSTK-
-1,HSEGTFTSDYSKYLDTVRAKDFVHWLIGTK-
-1,HSQGTFTSDYSKYLDSRRTQDFVQWLMNSK-
-1,HAEGTFTNDMTSYLEEKAAKEFVDWLIKGR-
-1,HSQGTFTSDYSKYLDSRRAQDFVQWLMSTK-
-1,HSEGTFSNDYSKYLETRRAQDFVQWLMNSK-
-1,HSDGTFTNDYTHYLDKIKAKDFVQWLASTK-
-1,HSDGTFTSDFTHYLDKIKAKDFVEWLASTK-
-1,HSEGTFTSDFTHYLDKIKAKDFVEWLASRK-
-1,HSDGTFTNDYTHYLDKIKAKDFVQWLASTK-
-1,HSEGTFTSDFSQRLDKMKAKDFVHWLINTK-
-1,HSDGTFTNDYTHYLDKIKAKDFVQWLASTK-
-1,HSQGTFTSDYTKYLDTRRAQDFVQWLMSTK-
-1,HSQGTFTSDYTKYLDTRRAQDFVQWLMSTK-
-1,HSDGTFTSDFTHYLDKIKAKDFVEWLASTK-
-1,HSEGTFSNDYSKYLETRRAQDFVQWLMNSK-
-1,HSEGTFSNDYSKYLETRRAQDFVQWLMNSK-
-1,HSEGTFSNDYSKYLETRRAQDFVQWLMNSK-
-1,HSQGTFTSDYTKYLDTRRAQDFVQWLMSTK-
-1,HSEGTFSNDYSKYLETRRAQDFVQWLMNSK-
-1,HSEGTFSNDYSKYLESRRAQDFVQWLMNSK-
-1,HSEGTFSNDYSKYLETRRAQDFVQWLMNSK-
-1,HSEGTFSNDYSKYLETRRAQDFVQWLMNSK-
-1,HSEGTFSNDYSKYLETRRAQDFVQWLMNSK-
-1,HSEGTFSNDYSKYLETRRAQDFVQWLMNSK-
-1,HSEGTFSNDYSKYLETRRAQDFVQWLMNSK-
-1,HSEGTFSNDYSKYLETRRAQDFVQWLMNSK-
-1,HADGTYTSDVSSYLQDQAAKDFVSWLKTGRG
-1,HSEGTFSNDYSKYLETRRAQDFVQWLMNSK-
-1,HSEGTFSNDYSKYLETRRAQDFVQWLMNSK-
-1,HSEGTFSNDYSKYLETRRAQDFVEWLMNSK-
-1,HSEGTFSNDYSKYLETRRAQDFVQWLMNSK-
-1,HADGTYTSDVSSYLQDQAAKDFVSWLKAGRG
-1,HSEGTFSNDYSKYLETRRAQDFVQWLMNSK-
-1,HSEGTFSNDYSKYLETRRAQDFVQWLMNSK-
-1,HSEGTFSNDYSKYLETRRAQDFVQWLMNSK-
-1,HSEGTFSNDYSKYLESRRAQDFVQWLMNSK-
-1,HSEGTFSNDYSKYLEDRKAQDFVQWLMNNK-
-1,HSEGTFSNDYSKYLETRRAQDFVQWLMNSK-
-1,HSEGTFSNDYSKYLETRRAQDFVQWLMNSK-
-1,HSEGTFSNDYSKYLETRRAQDFVQWLMNSK-
-1,HSEGTFSNDYSKYLETRRAQDFVQWLMNSK-
-1,HSEGTFSNDYSKYLETRRAQDFVQWLMNSK-
-1,HSEGTFSNDYSKYLETRRAQDFVQWLMNSK-
-1,HSEGTFSNDYSKYLETRRAQDFVQWLMNSK-
-1,HSEGTFSNDYSKYLETRRAQDFVQWLMNSK-
-1,HSEGTFSNDYSKYLETRRAQDFVQWLMNSK-
-1,HSEGTFSNDYSKYLETRRAQDFVQWLMNSK-
-1,HSEGTFSNDYSKYLETRRAQDFVQWLMNSK-
-1,HSDGTFTNDFTHYLDRIKAKDFVEWLANPR-
-1,HSEGTFSNDYSKYLETRRAQDFVQWLMNSK-
-1,HSEGTFSNDYSKYLEDRKAQDFVQWLMNNK-
-1,HSEGTFSNDYSKYLETRRAQDFVQWLMNSK-
-1,HSEGTFTSDFSQRLDKMKAKDFVHWLINTK-
-1,HSQGTFTSDYTKYLDTRRAQDFVQWLMSTK-
-1,HSEGTFSNDYSKYLETRRAQDFVQWLMNSK-
-1,HSEGTFSNDYSKYLETRRAQDFVQWLMNSK-
-1,HSEGTFSNDYSKYLESRRAQDFVQWLMNSK-
-1,HSEGTFSNDYSKYLETRRAQDFVQWLMNSK-
-1,HSEGTFSNDYSKYLEDRKAQDFVQWLMNNK-
-1,HSEGTFSNDYSKYLETRRAQDFVQWLMNSK-
-1,HSEGTFSNDYSKYLETRRAQDFVQWLMNSK-
-1,HSEGTFSNDYSKYLETRRAQDFVQWLMNSK-
-1,HSEGTFSNDYSKYLETRRAQDFVQWLMNSK-
-1,HSEGTFSNDYSKYLETRRAQDFVQWLMNSK-
-1,HSEGTFSNDYSKYLEDRKAQDFVQWLMNNK-
-1,HSEGTFSNDYSKYLETRRAQDFVEWLMNSK-
-1,HSEGTFSNDYSKYLEDRKAQDFVQWLMNNK-
-1,HSEGTFSNDYSKYLETRRAQDFVQWLMNSK-
-1,HSEGTFSNDYSKYLETRRAQDFVQWLMNSK-
-1,HSDGTFSSDYSKYLEDRKAQDFVKWLMNNK-
-1,HSEGTFSNDYSKYLENRRAQDFVQWLMNSK-
-1,HSDGTFSSDYSKYLEDRKAQDFVKWLMNNK-
-1,HSEGTFASDYSKYMDNRRAKDFVQWLMNTK-
-1,HSEGTFSNDYSKYLEDRKAQDFVQWLMNNK-
-1,HSEGTFSNDYSKYLETRRAQDFVQWLMNSK-
-1,HAEGTFTSDLSSYLEGQAAKEFIAWLVKGLG
-1,HSEGTFSNDYSKYLETRRAQDFVQWLMNSK-
-1,HSEGTFSNDYSKYLEDRKAQDFVQWLMNNK-
-1,HSQGTFTSDYTKYLDTRRAQDFVQWLMSTK-
-1,HADGTFTSDINKVLDDMAAKEFIEWLINTK-
-1,HSQGTFTSDYTKYLDTRRAQDFVQWLMSTK-
-1,HSQGTFTSDYTKYLDTRRAQDFVQWLMSTK-
-1,HSQGTFTSDYTKYLDTRRAQDFVQWLMSTK-
-1,HSQGTFTSDYTKYLDTRRAQDFVQWLMSTK-
-1,HSQGTFTSDYTKYLDTRRAQDFVQWLMSTK-
-1,HSQGTFTSDYTKYLDTRRAQDFVQWLMSTK-
-1,HSEGTFSNDYSKYLETRRAQDFVQWLMNSK-
-1,HSQGTFTSDYTKYLDTRRAQDFVQWLMSTK-
-1,HSEGTFSNDYSKYLETRRAQDFVQWLMNSK-
-1,HSEGTFSNDYSKYLETRRAQDFVQWLMNSK-
-1,HAEGTYTNDVTEYLEEKAAKEFIEWLINGK-
-1,HSEGTFSNDYSKYLETRRAQDFVQWLMNSK-
-1,HSEGTFSNDYSKYLETRRAQDFVQWLMNSK-
-1,HSQGTFTSDYTKYLDTRRAQDFVQWLMSTK-
-1,HSEGTFSNDYSKYLETRRAQDFVQWLMNSK-
-1,HSQGTFTSDYTKYLDTRRAQDFVQWLMSTK-
-1,HSQGTFTSDYTKYLDTRRAQDFVQWLMSTK-
-1,HSDGTFTNDYTHYLDKIKAKDFIQWLASTK-
-1,HADGTFTSDFTHYLDKIKAKDFVEWLASTK-
-1,HSDGTFTNDYTHYLDKIKAKDFIQWLASTK-
-1,HSEGTFSNDYSKYLETQRAQDFVQWLMNS--
-1,HSDGTFTNDYTHYLDKIKAKDFIQWLASTK-
-1,HSQGTFTNDYSKYLDTRRAQDFVQWLMSTK-
-1,HSEGTFSSDFTRFLDRMKAKEFVHWLIQGR-
-1,HSEGTFSSDFTRFLDRMKAKEFVHWLIQGR-
-1,HSEGTFTNDYTNYLDKIKAKDFVQWLVGTK-
-1,HSEGTFSSDLTRYLDKMKAKDFVRWLMSKK-
-1,HSDGTFTNDFTRYLDKIKAKDFVEWLASTK-
-1,HADGTYTSDVSSYLQDQAAKEFVSWLKTGRG
-1,HADGTYTSDVSSYLQDQAAKEFVSWLKTGRG
-1,HSEGTFTSDFSKYLEAKQAKEFVLWLMN---
-1,HSEGTFSNDYSKYLETRRAQDFIQWLMNSK-
-1,HSEGTFTNDYTNYLDKIKAKDFVQWLVGTK-
-1,HADGTYTSDVSSYLQDQAAKEFVSWLKTGRG
-1,HADGTYTSDVSSYLQDQAAKEFVSWLKTGRG
-1,HSEGTFSSDFTRHLDKMKAKDFVHWLINTK-
-1,HADGTYTSDVSSYLQDQAAKEFVSWLKTGRG
-1,HSEGTFSNDYSKYLETRRAQDFIQWLMNSK-
-1,HADGTYTSDVSSYLQDQAAKEFVSWLKTGRG
-1,HSEGTFSNDYSKYLETRRAQDFIQWLMNSK-
-1,HADGTYTSDVSSYLQDQAAKEFVSWLKTGRG
-1,HSEGTFSNDYSKYLETRRAQDFIQWLMNSK-
-1,HSEGTFSNDYSKYLETRRAQDFIQWLMNSK-
-1,HADGTYTSDVSSYLQDQAAKEFVSWLKTGRG
-1,HADGTYTSDVSSYLQDQAAKEFVSWLKTGRG
-1,HADGTYTSDVSSYLQDQAAKEFVSWLKTGRG
-1,HADGTYTSDVSSYLQDQAAKEFVSWLKTGRG
-1,HADGTYTSDVSSYLQDQAAKEFVSWLKTGRG
-1,HADGTYTSDVSSYLQDQAAKEFVSWLKTGRG
-1,HSEGTFSNDYSKYLEERRAQDFVQWLMNNK-
-1,HADGTYTSDVSSYLQDQAAKEFVSWLKTGRG
-1,HADGTYTSDVSSYLQDQAAKEFVSWLKTGRG
-1,HADGTYTSDVSSYLQDQAAKEFVSWLKTGRG
-1,HADGTYTSDVSSYLQDQAAKEFVSWLKTGRG
-1,HADGTYTSDVSSYLQDQAVKEFVSWLKNGRG
-1,HADGTYTSDVSSYLQDQAAKEFVSWLKTGRG
-1,HADGTYTSDVSSYLQDQAAKEFVSWLKTGRG
-1,HADGTYTSDVSSYLQDQAAKEFVSWLKTGRG
-1,HADGTYTSDVSSYLQDQAAKEFVSWLKTGRG
-1,HADGTYTSDVSSYLQDQAAKEFVSWLKTGRG
-1,HADGTYTSDVSSYLQDQAAKEFVSWLKTGRG
-1,HADGTYTSDVSSYLQDQAAKEFVSWLKTGRG
-1,HADGTYTSDVSSYLQDQAAKEFVSWLKTGRG
-1,HADGTYTSDVSSYLQDQAAKEFVSWLKTGRG
-1,HADGTYTSDVSSYLQDQAAKEFVSWLKTGRG
-1,HAEGTYTSDISSYLEGQAANEFVRWLLKGRG
-1,HADGRYTSDISSYLEGQAAKEFIAWLVNGRG
-1,HADGTYTSDVSSYLQDQAAKEFVSWLKAGRG
-1,HADGTYTSDVSSYLQDQAAKEFVSWLKTGRG
-1,HADGTYTSDVSSYLQDQAAKEFVSWLKTGRG
-1,HSEGTFSNDYSKYLEDQKAQDFVRWLMNKR-
-1,HAEGTYTSDVSSYLQDQAAKEFVSWLKTGRG
-1,HSEGTFTSDFSSYLDGKAAKEFVAWLVKS--
-1,HSQGTFTNDYSKYLDTRRAQDFVQWLMSTK-
-1,HSEGTFSNDYSKYLEDRRAQDFVQWLMNNK-
-1,HSEGTFTSDFSSYLEGKAAKEFIAWLVKG--
-1,HSEGTFSNDYSKYLEERRAQDFVQWLMNNK-
-1,HSEGTFSNDYSKYLEDQKAQDFVRWLMNKR-
-1,HAEGTYTSDVSSYLQDQAAKEFVSWLKTGRG
-1,HSEGTFTSDFSSYLDGKAAKEFVAWLVKS--
-1,HAEGTYTSDITSYLEGQAAKEFIAWLVNGR-
-1,HADGRYTSDISSYLEGQAAKEFIAWLVNGRG
-1,HSQGTFTSDYSKYLDTRRAXDFVQWLMSTK-
-1,HAEGTYTSDITSYLEGQAAKRFIAWLVNGRG
-1,HAEGTFTNDMTNYLEEKAAKEFVGWLINGR-
-1,HSQGTFTNDYSKYLDTRRAQDFVQWLMSTK-
-1,HSEGTFSSDFTRFLDRMKAKEFVHWLIQGR-
-1,HAEGTFTNDMTNYLEEKAAKEFVGWLINGR-
-1,HSEGTFTSDLTRYLDKIKAKDFVEWLASTK-
-1,HADGTYTSDVSSYLQDQAAKEFVSWLKAGRG
-1,HSEGTFSNDYSKYLEDQKAQDFVRWLMNKR-
-1,HSEGTFSSDYSKYLDSRRAKDFVQWLMS---
-1,HSQGMFTNDYSKYLEEKSAKEFVEWLKNGK-
-1,HSEGTFSNDYSKYLEDRKAQDFVRWLMNNK-
-1,HSDGTFTSDFTHYLDKIKAKDFVEWLTDPK-
-1,HSDGTFTHDFTRYLDKMKAKDFVEWLASTK-
-1,HSDGTFTSDLTHYLDKIKAKDFVEWLASTK-
-1,HSDGTFTSDFTHYLDKIKAKDFVEWLTDPK-
-1,HSQGTFTSDYSKFLDTRRAQDFVEWLMSSK-
-1,HSDGTFTHDFTRYLDKMKAKDFVEWLASTK-
-1,HSEGTFSNDYSKYLEDRKAQDFVRWLMNNK-
-1,HSDGTFTSDFTHYLDKIKAKDFVEWLARTK-
-1,HSEGTFSNDYSKYLEERKAQDFVRWLMNNK-
-1,HSEGTFSNDYSKYLETRRAQDFVQWLMNAK-
-1,HAEGTYTSDISSYLEGQAVNEFIRWLMKGRG
-1,HADGTYTSDVSSYLQDKAAKEFVSWLKTGRG
-1,HSEGTFSNDYSKYLEDRKAQDFVRWLMNNK-
-1,HSEGTFSNDYSKYLEDRKAQDFVRWLMNNK-
-1,HADGTYTSDVSSYLQDQAAKEFVYWLKTGRG
-1,HADGTYTSDVSSYLQDKAAKEFVSWLKTGRG
-1,HADGTYTSDVSSYLQDQAAKEFVYWLKTGRG
-1,HADGTYTSDVSSYLQDQAAKEFISWLKTGRG
-1,HADGTYTSDVSSYLQDQAAKEFVTWLKAGRG
-1,HADGTYTSDISSYLQDQAAKEFVSWLKTGRG
-1,HSEGTFSNDYSKYLEDRKAQDFVRWLMNNK-
-1,HSEGTFSNDYSKYLEDRKAQDFVRWLMNNK-
-1,HSEGTFSNDYSKYLEDRKAQDFVRWLMNNK-
-1,HSEGTFSNDYSKYLEERKAQDFVRWLMNNK-
-1,HSEGTFTSDFSEHLDNMKARDFVHWLINAK-
-1,HVEGTFTSDYTRYLDKIKAKDFVHWLI----
-1,HAEGTFTSDMTSFLEEKAAKEFVDWLIKGR-
-1,HSQGTFTSDYSKFLDTRRAQDFVEWLMSSK-
-1,HAEGTYTSDISSYLEGQAVNEFIRWLMKGRG
-1,HSQGTFTSDYSKFLDTRRAQDFVQWLMNTK-
-1,HSEGTFSNDYSRYLEDQKAQDFVRWLMNKK-
-1,HAEGTYTSDVSSYLQDKAAKEFVSWLKTGRG
-1,HSEGTFSNDYSKYLEDRKAQDFVRWLMNNK-
-1,HSEGTFSNDYSKYLEERKAQDFVRWLMNNK-
-1,HSEGTFSNDYSKYLEERKAQDFVRWLMNNK-
-1,HSEGTFSNDYSKYLETRRAQDFVQWLMNAK-
-1,HSEGTFSNDYSKYLEDRKAQDFVRWLMNNK-
-1,HSEGTFSNDYSKYLEDRKAQDFVRWLMNNK-
-1,HSEGTFSNDYSKYLEDRKAQDFVRWLMNNK-
-1,HSEGTFSNDYSKYLEDRKAQDFVRWLMNNK-
-1,HSEGTFSNDYSKYLEDRKAQDFVRWLMNNK-
-1,HSEGTFSNDYSKYLEDRKAQDFVRWLMNNK-
-1,HSEGTFSNDYSKYLEDRKAQDFVRWLMNNK-
-1,HSEGTFSNDYSKYLENRRAQDFVQWLMNAK-
-1,HSEGTFSNDYSKYLEDRKAQDFVRWLMNNK-
-1,HSEGTFSNDYSKYLEDRKAQDFVRWLMNNK-
-1,HSEGTFSNDYSKYLEERKAQDFVRWLMNNK-
-1,HSEGTFSNDYSKYLEDRKAQDFVRWLMNNK-
-1,HSEGTFSNDYSKYLEDRKAQDFVRWLMNNK-
-1,HSEGTFSNDYSKYLEDMKVQDFVRWLMNNK-
-1,HSEGTFSNDYSKYLEDRKAQDFVRWLMNNK-
-1,HSEGTFSNDYSKYLEDRKAQDFVRWLMNNK-
-1,HSEGTFSNDYSKYLEDRKAQDFVRWLMNNK-
-1,HSEGTFSNDYSKYLEDRKAQDFVRWLMNNK-
-1,HSEGTFSNDYSKYLEDRKAQDFVRWLMNNK-
-1,HSEGTFSNDYSKYLEDRKAQDFVRWLMNNK-
-1,HSEGTFSNDYSKYLEDRKAQDFVRWLMNNK-
-1,HSEGTFSNDYSKYLEDRKAQDFVRWLMNNK-
-1,HSEGTFSNDYSKYLEDRKAQDFVRWLMNNK-
-1,HSEGTFSNDYSKYLEDRKAQDFVRWLMNNK-
-1,HSEGTFSNDYSKYLEDRKAQDFVRWLMNNK-
-1,HSEGTFSNDYSKYLEDRKAQDFVRWLMNNK-
-1,HSEGTFSNDYSKYLEDRKAQDFVRWLMNNK-
-1,HSEGTFSNDYSKYLEERKAQDFVRWLMNNK-
-1,HSEGTFSNDYSKYLEDRKAQDFVRWLMNNK-
-1,HSQGTFTSDYSKFLDTRRAQDFVQWLMNTK-
-1,HSQGTFTSDYSKFLDTRRAQDFVEWLMSSK-
-1,HSQGTFTSDYSKFLDTRRAQDFVEWLMSSK-
-1,HAEGTFTSDMTSFLEEKAAKEFVDWLIKGR-
-1,HAEGTYTNDVTEYLEEKAAKEFIEWLIKGK-
-1,HAEGTFTSDMTSFLEEKAAKEFVDWLIKGR-
-1,HSEGTFSNDYSKYLEDRKAQDFVRWLMNNK-
-1,HADGTYTSDVSSYLQDQAAKEFVTWLKTGRG
-1,HAEGTYTNDVTEYLEEKAAKEFIEWLIKGK-
-1,HSEGTFSNDYSKYLEDRKAQDFVRWLMNNK-
-1,HSQGTFTSDYSKYLDSRRAQDFVQWLMS---
-1,HSEGTFTSDFTEHLDNMKARDFVHWLINAK-
-1,HSEGTFTSDFTEHLDNMKARDFVHWLINAK-
-1,HSDGTFSSDFTNYLDKIKAKDFVEWLASTK-
-1,HSDGTFTSDFTHYLDKIKAKDFVEWLTGPK-
-1,HSDGTFTSDFTHYLDKIKAKDFVEWLTGPK-
-1,HSEGTFTSDFTEHLDNMKARDFVHWLINAK-
-1,HSEGTFTSDFTEHLDNMKARDFVHWLINAK-
-1,HSEGTFTSDFTEHLDNMKARDFVHWLINAK-
-1,HADGTYTSDVSSYLQDQAVKEFVSWLKSGRG
-1,HADGTFTSDMSAYLQDQAAKEFVSWLKAGRG
-1,HADGTYTSDVSSYLQDKAAKEFVTWLKTGRG
-1,HSEGTFSNDYSKYLEDRKAQEFVRWLMNNK-
-1,HADGTFTSDYNKLLDDMAAQEFLKWLMNSK-
-1,HSEGTFTSDFTEHLDNMKARDFVHWLINAK-
-1,HSQGTFTSDYSKFLDTIRAQDFVEWLMTSK-
-1,HADGTYTSDVSSYLQDKAAKEFVTWLKTGRG
-1,HSEGTFSNDYSRYLEDRKAQDFVTWLMNSK-
-1,HAEGTYTNDVTQYLEEKAAKEFIDWLIKGK-
-1,HSEGTFSNDYSNYMEERRAQDFVQWLMNSK-
-1,HSEGTFSNDYSRYLEERKAQDFVRWLMNNK-
-1,HSEGTFSNDYSKYLEDRKAQDFIRWLMNNK-
-1,HSEGTFSNDYSKFLEEKKAQDFVQWLMNNK-
-1,HSEGTFSNDYSKYLEDRRAQDFVRWLMNNK-
-1,HSQGTFTSDYSKYLDIKKAQEFVSWLMKNK-
-1,HADGTFTSDYNKLLDDMAAQEFLKWLMNSK-
-1,HADGTFTSDINKVLDDMAAKEFLKWLMNTK-
-1,HSQGTFTSDYSKFLDTIRAQDFVEWLMTSK-
-1,HAEGTFTNDMTNYLEEKAAKEFVGWLIKGR-
-1,HAEGTFTNDMTNYLEEKAAKEFVGWLIKGR-
-1,HAEGTYTNDVTQYLEEKAAKEFIDWLIKGK-
-1,HSEGTFSNDYSKFLEEKKAQDFVQWLMNNK-
-1,HAEGTFTNDMTNYLEEKAAKEFVGWLIKGR-
-1,HSEGTFSNDYSKYLETRRAQDFVQWLMNS--
-1,HSDGTFSSDFTQYLDRIKAKDFVQWLASTK-
-1,HSDGTFSSDFTHYLDKIKAKDFVEWLASTK-
-1,HSEGTFSNDYSKYLEDRKAQDFVRWLMSNK-
-1,HADGTYTSDVSSYLQDLAAKEFVSWLKTGRG
-1,HSQGTFTSDYSKYLENKKAQEFISWLIKNK-
-1,HSEGTFSNDYSKYLETRRAQDFVHWLMNS--
-1,HSEGTFSNDFSKYLEDRKAQDFVRWLMNNK-
-1,HSEGTFSNDYSKYLETRRAQDFVHWLMNS--
-1,HSQGMFTNDYSKYLEEKRAKEFVEWLKNG--
-1,HSEGTFSNDYSKYLENRRAQDFVQWLMNS--
-1,HSEGTFSNDYSKYLETRRAQDFVHWLMNS--
-1,HAEGTFTNDMSNFLEEKAAKEFVDWLIKGR-
-1,HSEGTFSNDYSKYLETRRAQDFVQWLMDSK-
-1,HSEGTFSNDYSKYLETRRAQDFVQWLMNS--
-1,HSEGTFSNDYSKYLETRRAQDFVQWLMDSK-
-1,HSEGTFSNDYSKYLEDRKAQDFVRWLMSNK-
-1,HSEGTFSNDYSKYLEDRKAQDFVRWLMSNK-
-1,HAEGTYTSDISSYLEGEAAKKFVEWLVNGEG
-1,HSEGTFSNDYSKYLETRRAQDFVQWLMNS--
-1,HSEGTFSNDYSKYLEDRKAQDFVRWLMSNK-
-1,HSEGTFSNDYSKYLEDRKAQDFVRWLMSNK-
-1,HSEGTFSNDYSKYLEDRKAQDFVRWLMSNK-
-1,HAEGTFTSDVTQHLDEKAAKEFIDWLING--
-1,HAEGTFTSDVTQHLDEKAAKEFIDWLING--
-1,HSEGTFSNDYSKYLEDRKAQDFVRWLMSNK-
-1,HAEGTFTNDMSNFLEEKAAKEFVDWLIKGR-
-1,HAEGTFTNDMSNFLEEKAAKEFVDWLIKGR-
-1,HAEGTFTSDVTQHLDEKAAKEFIDWLING--
-1,HSQGMFTNDYSKYLEEKRAKEFVEWLKNG--
-1,HSQGSFTSDYSKYLDSKQAKDFVIWLMN---
-1,HADGTFTSDINKVLDDMAAKEFLKWLINTK-
-1,HSEGTFSSDFTRHLDKLKAKDFVHWLINTK-
-1,HSEGTFSNDYSKYLETRRAQDFVQWLKNSK-
-1,HSQGTFTNDYTNYLEDRQAQDFIRWLMNNK-
-1,HSEGTFSSDLTRYLDKIKAKDFIQWLMDKK-
-1,HADGTFTSDINKVLDDMAAKEFLKWLINTK-
-1,HSDGTFSSDFTHYLDKIKAKDFVDWLASTK-
-1,HSEGTFSNDYSKYLETRRAQDFVQWLKNSK-
-1,HSEGTFSNDYSKYLETRRAQDFVQWLKNSK-
-1,HSEGTFSNDYSKYLETRRAQDFVQWLKNSK-
-1,HSEGTFSNDYSKYLETRRAQDFVQWLKNSK-
-1,HSEGTFSNDYSKYLETRRAQDFVQWLKNSK-
-1,HSEGTFSNDYSKYLETRRAQDFVQWLKNSK-
-1,HSEGTFSNDYSKYLETRRAQDFVQWLKNSK-
-1,HSEGTFSNDYSKYLETRRAQDFVQWLKNSK-
-1,HSEGTFSNDYSKYLETRRAQDFVQWLKNSK-
-1,HSEGTFSNDYSKYLETRRAQDFVQWLKNSK-
-1,HSEGTFSNDYSKYLETRRAQDFVQWLKNSK-
-1,HSEGTFSNDYSKYLETRRAQDFVQWLKNSK-
-1,HSEGTFSNDYSKYLESRRAQDFVQWLKNSK-
-1,HSEGTFSNDYSKYLETRRAQDFVQWLKNSK-
-1,HSEGTFSNDYSKYLETRRAQDFVQWLKNSK-
-1,HADGTYTSDVSSYLQDQAVKEFVSWLKTGRG
-1,HSEGTFSNDYSKYLETRRAQDFVQWLKNSK-
-1,HSEGTFSNDYSKYLETRRAQDFVQWLKNSK-
-1,HSEGTFSNDYSKYLETRRAQDFVQWLKNSK-
-1,HSEGTFSNDYSKYLETRRAQDFVQWLKNSK-
-1,HSEGTFSNDYSKYLETRRAQDFVQWLKNSK-
-1,HSEGTFSNDYSKYLETRRAQDFVQWLKNSK-
-1,HSEGTFSNDYSKYLETRRAQDFVQWLKNSK-
-1,HSEGTFSNDYSKYLETRRAQDFVQWLKNSK-
-1,HSEGTFSNDYSKYLETRRAQDFVQWLKNSK-
-1,HSEGTFSNDYSKYLETRRAQDFVQWLKNSK-
-1,HSEGTFSNDYSKYLETRRAQDFVQWLKNSK-
-1,HSEGTFSNDYSKYLETRRAQDFVQWLKNSK-
-1,HADGTYTSDVSSYLQDQAVKEFVSWLKTGRG
-1,HSEGTFSNDYSKYLETRRAQDFVQWLKNSK-
-1,HADGTYTSDVSSYLQDEAAKEFVSWLKTGRG
-1,HSEGTFSNDYSKYLETRRAQDFVQWLKNSK-
-1,HSEGTFSNDYSKYLETRRAQDFVQWLKNSK-
-1,HSEGTFSNDYSKYLETRRAQDFVQWLKNSK-
-1,HSEGTFSNDYSKYLETRRAQDFVQWLKNSK-
-1,HSEGTFSNDYSKYLETRRAQDFVQWLKNSK-
-1,HSEGTFSNDYSKYLETRRAQDFVQWLKNSK-
-1,HSEGTFSNDYSKYLETRRAQDFVQWLKNSK-
-1,HSEGTFSNDYSKYLETRRAQDFVQWLKNSK-
-1,HSEGTFSNDYSKYLETRRAQDFVQWLKNSK-
-1,HSEGTFSNDYSKYLETRRAQDFVQWLKNSK-
-1,HADGTYTSDVSSYLQDQAVKEFVSWLKTGRG
-1,HSEGTFSNDYSKYLETRRAQDFVQWLKNSK-
-1,HSEGTFSNDYSKYLETRRAQDFVQWLKNSK-
-1,HSEGTFSNDYSKYLETRRAQDFVQWLKNSK-
-1,HADGTFTSDINKVLDDMAAKEFLKWLINTK-
-1,HADGTYTSDISSFLQDQAAKEFVSWLKKGRG
-1,HADGTYTSDISSFLQDQAAKEFVSWLKKGRG
-1,HSEGTFSNDYSKYLETRRAQDFVQWLKNSK-
-1,HSDGTFASDFTHYLDKIKAKDFVEWLASTK-
-1,HADGTFTSDINKVLDDMAAKEFLKWLINTK-
-1,HSEGTFSNDYSKYLETRRAQDFVQWLKNSK-
-1,HSEGTFSNDYSKYLETRRAQDFVQWLKNSK-
-1,HSEGTFSNDYSKYLETRRAQDFVQWLKNSK-
-1,HSQGMFTNDYSKYLEEKAAQDFVEWLKHSK-
-1,HADGTYTSDISSFLQDQAAKEFVSWLKKGRG
-1,HADGTYTSDVSSYLQDQAAKDFVTWLKSGR-
-1,HADGTFTSDVSTYLQDQAAKEFVSWLKSGQ-
-1,HADGTFTSDVSTYLQDQAAKEFVSWLKSGQ-
-1,HSEGTFSNDYSKFLEEKKAQDFVRWLMNNK-
-1,HSEGTFSNDYSKYLEDRRAQDFVRWLMSNK-
-1,HAEGTYTNDVTKYLEDKAAKEFIDWLIKG--
-1,HADGTFTSDINKVLDDMAAKEFLKWLINTK-
-1,HADGTFTSDINKVLDDMAAKEFLKWLINAK-
-1,HADGTFTSDINKVLDDMAAKEFLKWLINTK-
-1,HADGTFTSDINKVLDDMAAKEFLKWLINTK-
-1,HADGTFTSDINKVLDDMAAKEFLKWLINTK-
-1,HADGTFTSDINKVLDDMAAKEFLKWLINTK-
-1,HADGTFTSDINKVLDDMAAKEFLKWLINTK-
-1,HADGTFTSDINKVLDDMAAKEFLKWLINTK-
-1,HADGTFTSDINKVLDDMAAKEFLKWLINTK-
-1,HADGTFTSDINKVLDDMAAKEFLKWLINTK-
-1,HADGTFTSDINKVLDDMAAKEFLKWLINTK-
-1,HADGTFTSDINKVLDDMAAKEFLKWLINTK-
-1,HADGTFTSDINKVLDDMAAKEFLKWLINTK-
-1,HADGTFTSDINKVLDDMAAKEFLKWLINTK-
-1,HADGTFTSDINKVLDDMAAKEFLKWLINTK-
-1,HADGTFTSDINKVLDDMAAKEFLKWLINTK-
-1,HADGTFTSDINKVLDDMAAKEFLKWLINTK-
-1,HADGTFTSDINKVLDDMAAKEFLKWLINTK-
-1,HADGTFTSDINKVLDDMAAKEFLKWLINTK-
-1,HADGTFTSDINKVLDDMAAKEFLKWLINTK-
-1,HADGTFTSDINKVLDDMAAKEFLKWLINTK-
-1,HADGTFTSDINKVLDDMAAKEFLKWLINTK-
-1,HADGTFTSDINKVLDDMAAKEFLKWLINTK-
-1,HSDGTFASDFTHYLDKIKAKDFVEWLASTK-
-1,HAEGTYTNDVTKYLEDKAAKEFIDWLIKG--
-1,HSEGTFSNDYSKYLETRRAQDFVQWLKNSK-
-1,HAEGTYTSDMSSFLEEKAAKEFVDWLIKGR-
-1,HSEGTFSNDYSKYLETRRAQDFVQWLKNSK-
-1,HADGTFTSDINKVLDDMAAKEFLKWLINTK-
-1,HSQGMFTNDYSKYLEEKAAQDFVEWLKHSK-
-1,HADGTFTSDINKVLDDMAAKEFLKWLINTK-
-1,HADGTFTSDINKVLDDMAAKEFLKWLINTK-
-1,HSDGTFTSDLTRFLDKIKAKDFVEWLASTK-
-1,HSEGTFSSDFTRYLDRIKAKDFVHWLQTG--
-1,HSEGTFTSDFTRHLDNLKARDFVHWLINTK-
-1,HSDGTFTSDFTHYLDKIKAKDFVEWL-----
-1,HSDGTFTNDFTHYLDKIKAKDFVEWLTS---
-1,HAEGTYTSDISSYLDDQAAKNFVAWLKSGQ-
-1,HAEGTFTSDVSSFLQDQAAKEFVSWLKSGK-
-1,HADGSYTNDVTEYLEEKAAKEFIEWLIKGK-
-1,HADGTFTSDFNKILDDMAAKEFLKWLINTK-
-1,HADGTYTSDVSTYLQDQAAKDFVSWLKSGR-
-1,HTDGTYTSDFSSYLQDLAAKEFVSWLKSGQG
-1,HSQGMFTNDYSKYLEEKLAQEFVEWLKNGK-
-1,HSQGMFTNDYSKYLEEKLAQEFVEWLKNGK-
-1,HADGTYTSDVSTYLQDQAAKDFVSWLKSGR-
-1,HSEGTFSNDYSKYQEERMAQDFVQWLMNSK-
-1,HSEGTFSNDYSKYQEERMAQDFVQWLMNSK-
-1,HADGTYTSDVSTYLQDQAAKDFVSWLKSGR-
-1,HSEGTFSNDYSKYQEERMAQDFVQWLMNSK-
-1,HSEGTFSNDYSKYQEDRRAQDFVQWLMNSK-
-1,HADGTYTSDVSTYLQDQAAKDFVSWLKSGR-
-1,HTDGTYTSDFSSYLQDLAAKEFVSWLKSGQG
-1,HSEGTFSNDYSKYLEDRKAQDFVRWLMSDK-
-1,HADGTYTSDVSTYLQDQAAKDFVSWLKSGR-
-1,HSEGTFSNDYSKYLEDRKAQDFVRWLMSDK-
-1,HADGTFTSDINKVLDDIAAKEFLNWLINTK-
-1,HADGTFTSDINKVLDDIAAKEFLNWLINTR-
-1,HADGTFTSDFNKILDDMAAKEFLKWLINTK-
-1,HSQGTFTSDYSKYLDSRRALDFVQWLMDTK-
-1,HADGTFASDFTHYLDKIKAKDFVEWLASTK-
-1,HSEGTFSSDFTRYLDRIKAKDFVHWLQTG--
-1,HAEGTYTSDVSSYLQDQAAKEFVSWLKTGR-
-1,HADGTYTSDVSSYLQDQAAKEFVSWLKTGR-
-1,HADGTYTSDMSAYLQDQAAKEFVSWLKAGRG
-1,HADGTYTSDVSSYMQDQAAKEFVSWLKMGRG
-1,HADGTYTSDVSSYMQDQAAKEFVSWLKMGRG
-1,HAEGTYTSDMSSYLQDQAAKEFVSWLKMGRG
-1,HADGTFTSDVSSYLQDQAAKDFISWLKTG--
-1,HSEGTFANDYSKYLENRRTQDFVQWLMNAK-
-1,HSDGTFSNDYSKYQEDMRAKDFVQWLLDSK-
-1,HAEGTYTSDVSAYLQDQAAKDFVSWLKSGR-
-1,HSEGTFSNDYSKFLEERKAQDFVRWLMNNK-
-1,HADGTYTSDVSAFLEEQAAKDFVAWLKNGQ-
-1,HADGTYTSDVSAFLEEQAAKDFVAWLKNGQ-
-1,HAEGTFTSDLSTYLEDQAVREFIAWLVKGR-
-1,HSQGTFTSDYSKLLDTIRAQQFVQWLMNSK-
-1,HADGTFTSDINKILDDMAAKEFLKWLINTK-
-1,HADGTFTSDINKILDDMAAKEFLKWLINTK-
-1,HADGTFTSDINKILDDMAAKEFLKWLINTK-
-1,HADGTFTSDINKILDDMAAKEFLKWLINTK-
-1,HADGTFTNDINKVLDDMAAKEFLKWLINTK-
-1,HADGTFTSDINKILDDMAAKEFLKWLINTK-
-1,HADGTFTSDINKILDDMAAKEFLKWLINTK-
-1,HSEGTFTSDLSSYLEGKATKEFIAWLVKG--
-1,HADGTFTSDINKILDDMAAKEFLKWLINTK-
-1,HADGTYTSDVSSYLQEQAAKDFITWLKSGQ-
-1,HSQGTFTNDYSKYMDTRRAQDFVQWLMS---
-1,HSEGTFSSDLTRYMDKIKARDFVQWLMSKK-
-1,HADGTYTSDVSSYLQDQAAKDFITWLKSGQ-
-1,HADGTYTSDVSSYLQDQAAKDFITWLKSGQ-
-1,HSEGTFSNDYSKYLESRRVQDFVQWLVNSK-
-1,HADGTYTSDVSSYQQDQAAKEFVSWLKTGRG
-1,HAEGTYTSDFSSYLQDQAAKQFVSWLKMGRG
-1,HSQGTFTNEYNKYLEAKHAQEFVQWLIKSK-
-1,HTEGTFTSNLSSYLEGQAAKEFIAWLVKGLG
-1,HSEGTFSNDYSKYLETRRAHDFVQWLKNSK-
-1,HAEGTYTNDVTQFLEEKAAKEFIDWLIKGK-
-1,HADGTYTSDVSSYLQDQAAKDFITWLKSGQ-
-1,HADGTYTSDVSSYLQDQAAKDFITWLKSGQ-
-1,HADGTYTSDVSSYLQDQAAKDFITWLKSGQ-
-1,HADGTYTSDVSSFLQDQAARDFVSWLKKGQG
-1,HSEGTFSNDDSKYLEDRKAQDFVRWLMNYKG
-1,HSEGTFANDYSKYLEDRKAHDFVQRLMNSKG
-1,HSQGTFTSDYSKHLDAIRAKQFVDWLMNYK-
-1,HAEGTYTNDVTQFLEEKAAKEFIDWLIKGK-
-1,HTEGTFTSNLSSYLEGQAAKEFIAWLVKGLG
-1,HVDGSFTSDVNKVLDSMAAKEYLQWLMNSK-
-1,HADGTFTSDINKVLDDMAAQEFLKWLINTK-
-1,HADGTFTSDINKVLDDIAAKEFLKWLINTK-
-1,HADGTFTSDINKVLDDMATKDFLKWLINTK-
-1,HADGTYTSDVSSYLQDQAAKDFITWLKSGQ-
-1,HADGTYTSDVSSYLQDQAAKDFITWLKSGQ-
-1,HAEGTYTNDVTQFLEEKAAKEFIDWLIKGK-
-1,HAEGTFTSDVTQQLDEKAAKEFIDWLING--
-1,HAEGTYTNDVTQFLEEKAAKEFIDWLIKGK-
-1,HAEGTYTNDVTQFLEEKAAKEFIDWLIKGK-
-1,HAEGTYTNDVTQFLEEKAAKEFIDWLIKGK-
-1,HAEGTFTSDVTQQLDEKAAKEFIDWLING--
-1,HAEGTYTNDVTQFLEEKAAKEFIDWLIKGK-
-1,HADGTYTSDVSSYLQDQAAKDFITWLKSGQ-
-1,HSEGTFSNDYSKYLETRRAQDFVQWLKNS--
-1,-SDGTFTSDFTHYLDKIKAKDFVEWLASTK-
-1,HSEGTFSNDYSKYLETRRAQDFVQWLKNS--
-1,HSDGTFTSDFTHYLDRFKAKDFVEWL-----
-1,HADGTYTSDVSTYLQDQAAKEFVSWLKTGPG
-1,HADGTYTSDVSTYMQDQAAKEFVSWLKMGRG
-1,HADGTYTSDVSSYLRDQVAKEFVSWLKTARG
-1,HSEGTFSNDYSKYLETRRVQDFVQWLKNSK-
-1,HADGTYTSDVSSYIQDQAAKEFVSWLKMGRG
-1,HSEGTFSNDYSKYLETRRVQDFVQWLKNSK-
-1,HADGTFTSDINKILDEMTAKDFLKWLINTK-
-1,HADGTYTSDISSYLEGQAAKKFVDWLLSEEG
-1,-SEGTFSNDYSKYLETRRAQDFVQWLMNSK-
-1,HADGSFTSDINKVLDTIAAKEFLNWLINSK-
-1,HADGTYTSDVSSYLRDQVAKEFVSWLKTARG
-1,HSEGTFSNDDSKYLEDRKAQDFVQWLMNNK-
-1,HSQGTFTNDYTKYQDSRRAQDFVQWLMSNK-
-1,HADGTFTSDINKILDEMTAKDFLKWLINTK-
-1,HADGTFTSDINKVLDDMAAKEFLKWLIN---
-1,HADGTFTSDINKILDDMAAKEFLKWLLNTK-
-1,HADGTFTSDINKVLDDMATKEFLKWLINTK-
-1,HSEGTFSNDYSKYQEERMAQDFVQWLMNS--
-1,HSDGTFTNDYTHSLDKIKAKEFVQWLASTK-
-1,HADGTFTSDYHKYLDEEAGKEFLKWLMSNK-
-1,HVDGTFTSDVNKVLDSMAAKEYLLWVMNSK-
-1,HSDGTFTNDFSNHLDKIKAKDFIEWLASMK-
-1,HSDGTFTNDFSNHLDKIKAKDFIEWLASMK-
-1,HSEGTFANDYSKFLEDRKAQDFVRWLMSNK-
-1,HADSTYTSDVSSYLQDQAAKEFVSWLKTGRG
-1,HSDGTFANDYSKFLEDRKAQDFVRWLMSNK-
-1,HADGTYTSDISAYLQDQAAKDFITWLKNGQ-
-1,HSEGTFANDYSKFLEDRKAQDFVRWLMSNK-
-1,HADGTYTSDVSTYLQDQAAKDFITWLKSGQ-
-1,HSEGTFANDYSKFLEDRKAQDFVRWLMSNK-
-1,HADGTYTSDVSTYLQDQAAKDFVSWLKSG--
-1,HADGTYTSDVSTYLQDQAAKDFVSWLKSG--
-1,HADGTYTSDVSTYLQDQAAKDFVSWLKSG--
-1,HADGTYTSDVSTYLQDQAAKDFVSWLKSG--
-1,HADGTYTSDVSTYLQDQAAKDFVSWLKSG--
-1,HADGTFTSEISVVLDTMAAKEFLNWLINSK-
-1,HVDGTFTSDVNKVLDSMAAKEYLLWVMNSK-
-1,HADGTFTSDYHKYLDEEAGKEFLKWLMSNK-
-1,HAEGTIASDYSSVLDGKAAKDFVDWLVRNRG
-1,HSEGTFANDYSKFLEDRKAQDFVRWLMSTK-
-1,HSEGTFANDYSKFLEDRKAQDFVRWLMSNK-
-1,HSQGTFTSDYSKHLDSRYAQEFVQWLMN---
-1,HADGTYTSDVSAYLQDQAAKDFITWLKSGQ-
-1,HAEGTFTSDVSSYLQDQALKEFVSWLKTVQG
-1,HADGTFTSDYNKLLDDMATQEFLKWLINQK-
-1,HADGTFTSDYNKLLDDMATQEFLKWLINQK-
-1,HADGTYTSDVSAYLQDQAAKDFITWLKSGQ-
-1,HSQGTFTNEYNKYLETKHAQEFVQWLIGSK-
-1,HADGTYTSDISSYLQDKAAQDFVSWLKSGQ-
-1,HADGTFTSDYNKLLDDMATQEFLKWLINQK-
-1,HTEGIYSNDIRSYMEAKAAKDFINWLIKGRG
-1,HADGTFTSDYNKLLDDMATQEFLKWLINQK-
-1,HADGTFTSDYNKLLDDMATQEFLKWLINQK-
-1,HAEGTYTNDVTEYLEEKATKAFIEWLIKGK-
-1,HAEGTYTNDVTEYLEEKATKAFIEWLIKGK-
-1,HADGTFTSDINKILDDMATKEFLKWLINTK-
-1,HADGTYTSNVSTYLQDQAAKDFVSWLKSGR-
-1,HSEGTFTNDLTGHLDKMKAKDFVAWLTTTK-
-1,HSDGTFTSDFINNLDRMKAKDFVEWLAITK-
-1,HVDGSFTSDVNKVLDSMAAKEYLQWVMNSK-
-1,HADGSFTSDVNNVLDSIAAKEFIIWVMNSK-
-1,HSQGTFTSDYSKFLDTRRAQDFLDWLKNTK-
-1,HTERSYTNDIRSYLEEKAAKDFINWLIKGRG
-1,HADGSFTSDVNNVLDSIAAKEFIIWVMNSK-
-1,HTERSYTNDIRSYLEEKAAKDFINWLIKGRG
-1,HAEGSYTNDVTQFLEEKAAKEFIDWLIKGK-
-1,HSQGTFTNDYTKYQDSRRAQDFVQWLMS---
-1,HSDGTFTSDFINNLDRMKAKDFVEWL-----
-1,HSDGTFTSDFINNLDRMKAKDFVEWL-----
-1,HVNGTFTSDVNKVLDSMAAKEYFLWLMNS--
-1,HAEGTYTSDVSSYLQDQAAQNFVAWLKSGQ-
-1,HAEGTYTSDVSSYLQDQAAQSFVAWLKSGQ-
-1,HSQGTFTNDYSKYQEMKQAQDLVQWLMNSK-
-1,HTEGTFTSDLSSYLE-QAAKEFIAWLVKGLG
-1,HAEGTYTSDVSSYLQDQAAQNFVAWLKSGQ-
-1,HAEGTYTSDVSSYLQDQAAQNFVAWLKSGQ-
-1,HADGTFTSDLSIYLQNQAVKRFVEWLLSSEG
-1,HADGTFTSDYNKLLDEMATQEFLKWLINHK-
-1,HAEGTYTSDVSSYLQDQAAQNFVAWLKSGQ-
-1,HAEGTYTSDVSSYLQDQAAQSFVAWLKSGQ-
-1,HAEGTYTSDVSSYLQDQAAQNFVAWLKSGQ-
-1,HADGTFTSDYNKLLDEMATQEFLKWLINHK-
-1,HTEGSSSSDIRSYLEAQAAKDLINWLMKGRG
-1,HAEGTYTSDVSSYLQDQAAQNFVAWLKSGQ-
-1,--EGTFSNDYSKYLEDRKAQDFVRWLMNNK-
-1,HSDGTFTSDFTNTQDRKKAKDFVKWLASTK-
-1,HSEGTFSSDFTRRLDRMRAKEFVHWLI----
-1,HADGTYTSDFSSYLQNQAGKQFVSWLKMGRG
-1,HSQGSFTSDYSKHLDVKQAKDFVTWLLNTK-
-1,HAEGTYTSDISSYLQDQAAQNFVAWLKSGQ-
-1,HAEGTYTSDVSSYLQDQAAQNFVAWLQSGQ-
-1,HADGTFTSDYNKLLDDIATQEFLKWLINQK-
-1,HADGTYTSDFSSYLQNQAGKQFVSWLKMGRG
-1,HADGTFTSDYNKLLDDIATQEFLKWLINQK-
-1,HSQGTFTNDYSKYQDMRQAQDLVQWLMNSK-
-1,HAEGTYTNDVTQFLEEKAAKEFIDWLLKG--
-1,HADGTFTNDMTSYLDAKAARDFVSWLARS--
-1,HSDGTFANDLTNYFDKKKAKDFVEWLTN---
-1,HADGTYTSDISSYLQDQAAKEFVSWLKTAQ-
-1,HVDGSFTSDVNKVLDSMAAKEYLLWVMNSK-
-1,HTEGTYTSDVSSYLQDQAAKDFVTWLI----
-1,HADGTYTSDISSYLQDQAAKEFVSWLKTAQ-
-1,HVDGSFTSDVNKVLDSMAAKEYLLWVMNSK-
-1,HSEGTFSNHYSKYQEDRMAQDFVQWLMNSK-
-1,HAEGTYTSDVSSYLQDQAAQNFVAWLQSGQ-
-1,HVDGSFTSDVNKVLDSIAAKEYILWVMNSK-
-1,HAEGTYTSDISSYLQDQAAQNFVAWLKSGQ-
-1,HAEGTYTSDISSYLQDQAAQNFVAWLKSGQ-
-1,HVDGTFTSDVNKVLDSMAAKEYLLWVMASK-
-1,HVDGSFTSDVHKVLDSIAAKEYILWLMNSK-
-1,HAEGTYTSDISSYLQDQAAQNFVAWLKSGQ-
-1,HADGTFTSDYNKLLDDIATQEFLKWLINQK-
-1,HADGTFTSDYNKLLDDIATQEFLKWLINQK-
-1,HAEGTYTSDISSYLQDQAAQNFVAWLKSGQ-
-1,HAEGTYTNDVTQFLEEKAAKEFIDWLLKG--
-1,HSEGIFNSDLSSYLDKKATKEFIAWLVKG--
-1,HVDGTFTSDVNKVLDSMAAKEYLLWVMASK-
-1,HSEGTFSSDFTRRLDWMRAREFVHWLIDAK-
-1,HSQDTFTNEYNKYLEAKHAQEFVQWLIKSK-
-1,HVDGSFTSDVNKVLDSIAAKEYLQWVMNSK-
-1,HADGTYTSDVSSYLQDQAAKKFVTWLKQGQ-
-1,HVDGSFTSDVNKVLDSIAAKEYLQWVMNSK-
-1,HVDGSFTSDVNKVLDSIAAKEYLQWVMNSK-
-1,HVDGSFTSDVNKVLDSIAAKEYLQWVMNSK-
-1,HAEGTYTSDLSSYLQDQAAQNFVAWLKSGQ-
-1,HADGTFTSDYHKFLDEEAGKEFLKWLMSNK-
-1,HVDGSFTSDVNKVLDSIAAKEYLQWVMNSK-
-1,HSQDTFTNEYNXYLEAKHAQEFVQWLINSK-
-1,HVDGSFTSDVNKVLDSIAAKEYLQWVMNSK-
-1,HAEGTFTSDLSSYL-GQAAKEFIAWLVKGLG
-1,HADGTFTSDYHKFLDEEAGKEFVKWLLSNK-
-1,HADGTFTSDYNKLLDDLATQEFLKWLINQK-
-1,HADGTYTSDVSSYLQDQAAKEFVSWL-----
-1,HVDGSFTSDVNKVLDSIAAKEYLQWVMNSK-
-1,HVDGSFTSDVNKVLDSIAAKEYLQWVMNSK-
-1,HVDGSFTSDVNKVLDSIAAKEYLQWVMNSK-
-1,HVDGSFTSDVNKVLDSIAAKEYLQWVMNSK-
-1,HVDGSFTSDVNKVLDSIAAKEYLQWVMNSK-
-1,HVDGSFTSDVNKVLDSIAAKEYLQWVMNSK-
-1,HADGTFTSDVSSYLKDQAIKDFVNRLKSGQ-
-1,HVDGSFTSDVNKVLDSIAAKEYLQWVMNSK-
-1,HVDGSFTSDVNKVLDSIAAKEYLQWVMNSK-
-1,HADGTYTSDVSSYLQDQAAKKFVTWLKQGQ-
-1,HADGTFTSDVSSYLKEQAIKDFVDKLKSGK-
-1,HADGTFTSDYHKFLDEEAGKEFVKWLLSNK-
-1,HSQGTFTSDYSKYLDSRRAQQFLKWLLNVK-
-1,HADGTFTSEINIVLDTIAAKEFLNWLLNSK-
-1,HADGTFTSDYHKFLDEEAGKEFVKWLLSNK-
-1,HADGTFTSDYHKFLDEEAGKEFLKWLMSNK-
-1,HADGTFTSDYNKLLDDLATQEFLKWLINQK-
-1,HADGTFTSDINKILETXAAKEFLKWLLNTK-
-1,HVDGSFTSDVNKVLDSIAAKEYLQWVMNSK-
-1,HADGTFTSDVSSYLKDQAIKDFVNRLKSGQ-
-1,HADGTYTSDVSSYLQDQAAKKFVTWLKQGQ-
-1,HADGTFTSDVSSYLKEQAIKDFVDKLKSGK-
-1,HADGTFTSEINIVLDTIAAKEFLNWLLNSK-
-1,HTERSYANDITSYLEEKAAKDFINWLIKGRG
-1,HADGTFTSEINIVLDTIAAKEFLNWLLNSK-
-1,HVDGSFTSDVNKVLDSIAAKEYLQWVMNSK-
-1,HADGTFTSEINVVLDTMAAKEFLNWIINSK-
-1,HVDGSFTSDVNKVLDSIAAKEYLQWVMNSK-
-1,HTDGMFTSDLTNYLDKMKAKNFVEWL-----
-1,HSDGMFTSDLTNYLDKIKAKNFVEWL-----
-1,HTDGMFTSDLTNYLDKMKAKNFVEWL-----
-1,HTDGMFTSDLTNYLDKMKAKNFVEWL-----
-1,HADGTFTSDVSSYLNDQAIKDFVAKLKSGK-
-1,HVDGSFTSDVNKVLDSMAAKEYLQWVMSSQ-
-1,HADGTYTIDFSSFLQDQAARDFVSWLKKGQG
-1,HSEGTFSNHYSKYQEERMARDFVQWLMNTR-
-1,HADGTFTSDVSSYLKEQAIKDFVAKLKSGK-
-1,HADGTFTSDVSSYLNDQAIKDFVAKLKSGK-
-1,HIDGTFTSDVNKVLDSMAAKEYLLWVMTSK-
-1,HVDGSFTSDVNKVLDSMAAKEYLLWVMNSQ-
-1,HADGTFTSEINVVLDTIAAKEFLNWLLNSK-
-1,HADGTFTSDYNQLLDDIATQEFLKWLINQK-
-1,HVDGSFTSDVNKVLDSMAAKEYLQWVMSSQ-
-1,HADGTFTSEINVVLDTIAAKEFLNWLLNSK-
-1,HADGTFTSEINVVLDTIAAKEFLNWLLNSK-
-1,HSEGTFANDLTGHLDKMKAKDFVAWLTTTK-
-1,HVNGTFTSDVNKVLDSMATKEYFLWLMNS--
-1,HSEGTFANDLTGHLDKMKAKDFVAWLTTTK-
-1,HSDGTFTNDFTHYLDKFKAKNFVDWL-----
-1,HADGTFTSDVSSYLKDQAIKDFVARLKSGQ-
-1,HSEGTFANDLTGHLDKMKAKDFVAWLTTTK-
-1,HADGTFTSDVSSYLKEQAIKDFVARLKSGQ-
-1,HAEGTYTSDFSSYLQDQATQNFVAWLKSGQ-
-1,HADGTFTSDVSSYLKDQAVKDFVARLKSGQ-
-1,HVDGSFTSDVSKVLDSMAAKEYLLWVMTSK-
-1,HVDGSFTSDVSKVLDSMAAKEYLLWVMTSK-
-1,HADGTFTSDVSSYLKDQAIKDFVARLKSGQ-
-1,HADGTFTSDVSSYLKDQAIKDFVARLKSGQ-
-1,HADGTFTSDVSSYLKDQAIKDFVARLKSGQ-
-1,HVDGSFTSDVSKVLDSMAAKEYLLWVMTSK-
-1,HVDGSFTSDVSKVLDSMAAKEYLLWVMTSK-
-1,HADGTFTSDVSSYLKEQAIKDFVARLKSGQ-
-1,HADGTFTSDVSSYLKDQAIKDFVARLKSGQ-
-1,HADGTFTSDVSSYLKEQAVKDFVARLKSGQ-
-1,HADGTFTSDVSSYLKDQAIKDFVARLKSGQ-
-1,HADGTFTSDVSSYLQDQAVKDFVARLKSGQ-
-1,HADGTFTSDVSSYLKDQAIKDFVARLKSGQ-
-1,HADGTFTSDVSSYLKEQAIKDFVARLKSGQ-
-1,HADGTFTSDVSSYLKNQAIKDFVDRLKSGQ-
-1,HADGTFTSDVSSYLKDQAIKDFVARLKSGQ-
-1,HADGTFTSDVSSYLKDQAIKDFVARLKSGQ-
-1,HADGTFTSDVSSYLKDQAIKDFVARLKSGQ-
-1,HVDGSFTSDVNKVLDSIAAKEYLQWVMNSQ-
-1,HSDGTFTSDLINYIDKTKAKNFVKWLTSTNG
-1,HSEGTFSHDFSRYLDKIKTKAFVEWLASTK-
-1,HADGTFTSDVSSYLKDQAIKDFVAKLKSGQ-
-1,HADGTFTSDVSSYLKDQAIKDFVDRLKAGQ-
-1,HADGTFTSDVSSYLKDQAIKDFVAKLKSGQ-
-1,HADGTFTSDVSSYLKDQALKDFVARLKSGQ-
-1,HADGTFTSDVSSYLKEQAIKDFVAKLKSGQ-
-1,HVDGSFTSDVNKVLDSMAAKEYLLWVMTSK-
-1,HVDGSFTSDVNKVLDSMAAKEYLQWVMN---
-1,HVDGSFTSDVNKVLDSMAAKEYLLWVMTSK-
-1,HVDGSFTSDVNKVLDSMAAKEYLLWVMTSK-
-1,HVDGSFTSDVNKVLDSMAAKEYLLWVMTSK-
-1,HAEGTYTSDVSSYLQDQAVKDFVAGLMSGQ-
-1,HVDGSFTSDVNKVLDSIAAKDYLQWVMSSQ-
-1,HVDGSFTSDVNKVLDSIAAKDYLQWVMSSQ-
-1,HADGTFTSDVSSYLKDQAIKDFVAKLKSGQ-
-1,HVDGSFTSDVNKVLDSLAAKEYLLWVMNSK-
-1,HVDGSFTSDVNKVLDSMAAKEYLLWVMTSK-
-1,HVDGSFTSDVNKVLDSMAAKEYLLWVMTSK-
-1,HVDGSFTSDVNKVLDSMAAKEYLLWVMTSK-
-1,HVDGSFTSDVNKVLDSMAAKEYLLWVMTSK-
-1,HVDGSFTSDVNKVLDSMAAKEYLEWVMRQK-
-1,HVDGSFTSDVNKVLDSMAAKEYLLWVMTSK-
-1,HADGTFTSDVSSYLKDQAIKDFVAKLKSGQ-
-1,HVDGSFTSDVNKVLDSMAAKEYLLWVMTSK-
-1,HVDGSFTSDVNKVLDSMAAKEYLLWVMTSK-
-1,HADGTFTSDVSSYLKDQAIKDFVAKLKSGQ-
-1,HVDGSFTSDVNKVLDAMAAKEYLHWVMTAK-
-1,HADGTFTSDVSSYLKEQAIKDFVDRLKQGQ-
-1,HVDGSFTSDVNKVLDSMAAKEYLLWVMTSK-
-1,HADGTFTSDVSSYLKDQAIKDFVAKLKSGQ-
-1,HVDGSFTSDVNKVLDSMAAKEYLLWVMTSK-
-1,HVDGSFTSDMNKVLDSIAAKEYLQWVMNSK-
-1,HVDGSFTSDVNKVLDSMAAKEYLLWVMTSK-
-1,HADGTFTSDVSSYLKDQALKDFVARLKSGQ-
-1,HVDGSFTSDVNKVLDSMAAKEYLLWVMTSK-
-1,HVDGSFTSDVNKVLDSMAAKEYLLWVMTSK-
-1,HVDGSFTSDVNKVLDAMAAKEYLHWVMTAK-
-1,HVDGSFTSDVNKVLDSMAAKEYLLWVMTSK-
-1,HVDGSFTSDVNKVLDSMAAKEYLLWVMTSK-
-1,HVDGSFTSDVNKVLDTMAAKEYLLWVMTSK-
-1,HVDGSFTSDVNKVLDSMAAKEYLLWVMTSK-
-1,HADGTFTSDVSAYLKDQAIKDFVNRLKSGQ-
-1,HADGTFTSDVSSYLKDQAIKDFVASLKSGQ-
-1,HVDGSFTSDVNKVLDSMAAKEYLLWVMTSK-
-1,HVDGSFTSDVNKVLDSMAAKEYLLWVMTSK-
-1,HVDGSFTSDVNKVLDSMAAKEYLLWVMTSK-
-1,HVDGSFTSDVNKVLDSMAAKEYLLWVMTSK-
-1,HVDGSFTSDVNKVLDSMAAKEYLLWVMTSK-
-1,HVDGSFTSDVNKVLDSMAAKEYLLWVMTSK-
-1,HVDGSFTSDVNKVLDSMAAKEYLLWVMTSK-
-1,HVDGSFTSDVNKVLDSMAAKEYLLWVMTSK-
-1,HADGTFTSDVSSYLKDQAIKDFVAKLKSGQ-
-1,HVDGSFTSDVNKVLDSMAAKEYLLWVMTSK-
-1,HVDGSFTSDVNKVLDSMAAKEYLLWVMTSK-
-1,HADGTFTSDVSSYLKDKAIKEFVAKLKSGK-
-1,HVDGSFTSDVNKVLDSMAAKEYLLWVMTSK-
-1,HVDGSFTSDVNKVLDSMAAKEYLLWVMTSK-
-1,HVDGSFTSDVNKVLDSMAAKEYLLWVMTSK-
-1,HADGTFTSDVSSYLKDQAIKDFVASLKSGQ-
-1,HVDGSFTSDVNKVLDSMAAKEYLLWVMTSK-
-1,HVDGSFTSDVNKVLDSMAAKEYLLWVMTSK-
-1,HVDGSFTSDVNKVLDSMAAKEYLLWVMTSK-
-1,HVDGSFTSDVNKVLDSMAAKEYLLWVMTSK-
-1,HVDGSFTSDVNKVLDSMAAKEYLLWVMTSK-
-1,HADGTFTSDVSSYLKDQAIKDFVAKLKSGQ-
-1,HSEGTFTSDFSSYLDYKATKEFIAQLTKGLG
-1,HADGSFTSEINKLLDSIATKEFVNWIMNSK-
-1,HAEGTFTSDVSSYLKDQAIKDFVAKLKSGQ-
-1,HVDGSFTSDVNKVLDSMAAKEYLLWVMTSK-
-1,HVDGSFTSDVNKVLDAMAAKEYLLWVMTSK-
-1,HADGTFTSDVSSYLKDQAIKDFVAKLKSGQ-
-1,HVDGSFTSDVNKVLDSMAAKEYLLWVMTSK-
-1,HADGTFTSDVSSYLKEQAIKDFVANLKSGQ-
-1,HVDGSFTSDVNKVLDSMAAKEYLLWVMTSK-
-1,HVDGSFTSDVNKVLDSMAAKEYLLWVMTSK-
-1,HVDGSFTSDVNKVLDSMAAKEYLLWVMTSK-
-1,HVDGSFTSDVNKVLDSMAAKEYLLWVMTSK-
-1,HADGTFTSDVSSYLKDQALKDFVARLKSGQ-
-1,HSDGTFTSDFTTNRDKIKAKDFVEWLAS---
-1,HADGTFTSDVSSYLKDQAIKDFVAQLKSGQ-
-1,HADGTFTSDVSSYLTDQAIKDFVARLKSGQ-
-1,HADGTFTSDVSSYLKDQAIKDFVARLKAGQ-
-1,HADGTFTSDVSSYLKDQAIKDFVARLKAGQ-
-1,HADGTITNDMNNVLESIATREFLNWLINSKG
-1,HTEGSY-RDISSYLEAKAAKDFINWLIKGRG
-1,HADGTFTSEINIVLDTIAAKEFLNWILNSK-
-1,HADGTFTSDISSYLRDQAIKDFVARLKSGQ-
-1,HADGTFTSDVSSYLTDQAIKDFVARLKSGQ-
-1,HADGTFTSDVSSYLKDQAIKDFVARLKAGQ-
-1,HADGTFTSDVSSYLTDQAIKDFVARLKSGQ-
-1,HADGTFTNDVSSYMEEQALKDFVARLKSGQ-
-1,HADGTFTSDVSSYLKDQAIKDFVARLKAGQ-
-1,HADGSFTSEINKVLDTIATKEFINWLLNTK-
-1,HADGTFTSDVSSYLKDQAIKDFVAQLKSGQ-
-1,HADGTFTSDVSSYLKDQAIKDFVAQLKSGQ-
-1,HADGTFTSDVSSYLKDQAIKDFVAQLKSGQ-
-1,HADGSFTNDVNKVLDIIAAQEFLDWLINTK-
-1,HTEEDYPSDFSSYLEAKAARDFINWLIKGRG
-1,HAEGTYTSDVSSYLQDQAEQNFVAWLKSGQ-
-1,HADGTFTSDVSSYLKDQAIKDFVARLKAGQ-
-1,HADGTFTSDVSSYLSDQAIKDFVAKLKSGQ-
-1,HAEGTYTSDISSFLRDQAAQNFVAWLKSGQ-
-1,HADGTFTSDVSSYLSDQAIKDFVAKLKSGQ-
-1,HVDGSFTSDVHNALDSIAAKEFLLWVMNSK-
-1,HVDGSFTSDVNKVLDSMAAKEYLQWVMS---
-1,HAEGTFTSDVSSYLNDQAIKDFVAKLKSG--
-1,HVDGSFTSDVHNALDSIAAKEFLLWVMNSK-
-1,HAEGTYTSDISSFLRDQAAQNFVAWLKSGQ-
-1,HAEGTFTSDVSSYLNDQAIKDFVAKLKSG--
-1,HVDGSFTSDVNKVLDSMAAKEYLYWVMTSK-
-1,HSEGTFSNYYSKYQEERMARDFLQWLMNSK-
-1,HVDGSFTSDMNKVLDSIAAKEYLLWVMNSK-
-1,HSEGTFSNYYSKYQEERMAQDFLQWLMNSK-
-1,HADGTFTSDVSSYLTDQAIKDFVAKLKSGQ-
-1,HVDGSFTSDLHKVLDSIAAKEYILWVMNSK-
-1,HADGTFTSDVSSYLKDQAIKDFVAKLKSG--
-1,HVDGSFTSDVTKVLDSMAAKQYLQWVMSSQ-
-1,HADGTFTSDVSSYLTDQAIKDFVAKLKSGQ-
-1,HADGTFTSDVSSYLSDQAIKDFVAKLKSGQ-
-1,HTEASSSSDIRSYLEAQAAKDLINWLMKGRG
-1,HADGTYTSDASSFLQEQAARDFISWLKKGQ-
-1,HSQGTFTSDYSKYLDRKMAYSFIDSLMK---
-1,HVDGTFTSDVNKVLDSMVPKEDFLWVMCSK-
-1,HVDGSFTSDVNKVLDSIAAKEYLLWVMTSK-
-1,HADGTFTSDVSSYLKQQAIKDFVARLKAGQ-
-1,HVDGSFTSDVNKVLDSIAAKEYLLWVMTSK-
-1,HVDGSFTSEVNKVLDTMAAKEYLQWVMSSQ-
-1,HADGTFTSDVSSYLTDQAIKDFIANLKSGQ-
-1,HADGTFTSDMSSYLKDQAIKDFVAKLKSGQ-
-1,HVDGSFTSDVNKVLDSIAAKEYLLWVMTSK-
-1,HADGTFTSDVSAYLKEQAIKDFVAKLKSGQ-
-1,HADGTFTSDVSAYLKEQAIKDFVAKLKSGQ-
-1,HVDGSFTSDVNKVLDSIAAKEYLLWVMTSK-
-1,HADGSFTNDVNKVLDIIAAQEFLDWLVNTK-
-1,HADGSFTNDINKVLDVIAAQEFIDWIINTK-
-1,--EGTFANDYSKFLEDRKAQDFVRWLMSNK-
-1,HAEGTYTSDVSSCLQDQAAQNFVAWLKSGQ-
-1,HADGTVTSDINSVLESIATRDFLNWLINAK-
-1,HADGTFTSEYYKILDEMATQEFLKWLLNQK-
-1,HVDGSFTSDVNKVLDSLAAKEYLLWVMTSK-
-1,HVDGSFTSDVNKVLDSLAAKEYLKWVMSSQ-
-1,HVDGSFTSDVNKVLDSLAAKEYLKWVMSSQ-
-1,HVDGSFTTEVHKVLDSIAAKEYIQWLMNSK-
-1,HVDGSFTSDLHKILDSIAAKEYILWVMNSK-
-1,HVDGSFTSDVNKVLDSLAAKEYLKWVMSSQ-
-1,HVDGSFTSDVNKVLDSLAAKEYLLWVMTSK-
-1,HVDGSFTSDVNKVLDSMAAKEYLLWVMTS--
-1,HVDGSFTSDVNKVLDSLAAKEYLLWVMTSK-
-1,HADGTFTSDVSSYLTDQAIRDFVARLKAGR-
-1,HVDGSFTSDVNKVLDSMAAKEYLLWVMTS--
-1,HVDGSFTSDVNKVLDSLAAKEYLLWVMTSK-
-1,HVDGSFTSDVNKVLDSLAAKEYLLWVMTSK-
-1,HAEGTFTSDLSAYLENEAVREFVAWLV----
-1,HVDGSFTSDVNKVLDSLAAKEYLLWVMTSK-
-1,HVDGSFTSDVNKVLDSLAAKEYLLWVMTSK-
-1,HADGTFTSDVSAYLNNQAVKDFVAMLKSGQ-
-1,HVDGSFTSDVNKVLDSLAAKEYLLWVMTSK-
-1,HVDGSFTSDVNKVLDSLAAKEYLLWVMTSK-
-1,HVDGSFTSDVNKVLDSLAAKEYLLWVMTSK-
-1,HVDGSFTSDVNKVLDSLAAKEYLLWVMTSK-
-1,HVDGSFTSDVNKVLDSLAAKEYLLWVMTSK-
-1,HVDGSFTSDVNKVLDSLAAKEYLLWVMTSK-
-1,HADGTFTSDVSSYLKDQLIKDFVARLKSGQ-
-1,HSEGTFSNDryskswYSKYQEERMAQDFVQWLMNSK-
-1,HVDGSFTSDVNKVLDSLAAKEYLLWVMTSK-
-1,HVDGSFTSDVNKVLDSMAAKQYLLWVMTSK-
-1,HADGTFTSEYHKILDEMATQEFLKWLLNQK-
-1,HADGSFTSDFNKALDIKAAQEFLDWLIN---
-1,HVDGSFTSDVNKVLDSLAAKEYLLWVMTSK-
-1,HVDGSFTSDVNKVLDSLAAKEYLLWVMTSK-
-1,HVDGSFTSDVNKVLDSMAAKQYLLWVMTSK-
-1,HADGSFTSDFNKALDIKAAQEFLDWIINTPG
-1,HADGSFSSELSTVLDTMAAKDFVNWILNS--
-1,HADGTFTSDVSSFLKDQAIKDFVANLKSGQ-
-1,HAEGTYTSDVSSHLQDQEAQNFVAWLKSGQ-
-1,HAEGTYTSDVSSHLQDQEAQNFVAWLKSGQ-
-1,-AEGTFISDYSITLDKIRQQDFVNWLLAQKG
-1,HSDGTFTSDLTGSLDKGKAKNFVEWLAS---
-1,HADGTFTSDVSSFLKDQAIKDFVANLKSGQ-
-1,HADGTVTSDINSVLESIATREFLNWLINAK-
-1,-SEGTFISDYSIAMDKIRQKDFVNWLLAQKG
-1,HVDGSFTSDVNQVLDSIAAKQYLLWVMNSK-
-1,HADGTFTSDVSSFLKDQAIKDFVANLKSGQ-
-1,HAEGTYTSDVSSHLQDQEAQNFVAWLKSGQ-
-1,HVDGSFTSDVNNVLDSLAAKEYLLWVMTSK-
-1,HSEGTFTNDVTRLLEEKATSEFIAWLLKG--
-1,HADGTFTSDVSAYLKEQAIKDFVAKLKAGQ-
-1,-AEGTFISDYSITMDKIMQQDFVNWLLSQKG
-1,-AEGTFISDYSIALDKIRQQDFVNWLLAQKG
-1,-SEGTFISDYSIALDKIRQQEFVNWLLAQKG
-1,HADGTFTSDVSSYLKDQLIKDFVARLKAGQ-
-1,-AEGTFISDYSITMDKIMQQDFVNWLLSQKG
-1,-AEGTFISDYSITMDKIMQQDFVNWLLSQKG
-1,-AEGTFISDYSITMDKIMQQDFVNWLLSQKG
-1,-AEGTFISDYSITMDKIMQQDFVNWLLSQKG
-1,-AEGTFISDYSITMDKIMQQDFVNWLLSQKG
-1,-AEGTFISDYSITMDKIMQQDFVNWLLSQKG
-1,-AEGTFTSDLSSYL-GQAAKEFIAWLVKGLG
-1,-AEGTFISDYSITMDKIMQQDFVNWLLSQKG
-1,-AEGTFISDYSIALDKIRQQDFVNWLLAQKG
-1,-AEGTFISDYSIALDKIRQQDFVNWLLAQKG
-1,HGDGSFTHDMTTVLDSIAAKEFLNWVMNSK-
-1,HVDGSFTSDVNKVLDSLAAKEYLIWVMTSK-
-1,HADGTFTSDVSSYLKDQLIKDFVARLKAGQ-
-1,-AEGTFISDYSIALDKIRQQDFVNWLLAQKG
-1,-AEGTFISDYSIALDKIRQQDFVNWLLAQKG
-1,-AEGTFISDYSIALDKIRQQDFVNWLLAQKG
-1,-SEGTFISDYSIALDKIRQQEFVNWLLAQKG
-1,HADGAFSDDLTKYLDKQAAKNFISWLSRSR-
-1,HTDGTISSDISSFLQDQAAKEFVTWLKTIRG
-1,-AEGTFISDYSIALDKIRQQEFVNWLLAQKG
-1,HADGTFTSDVSSFLKDLAVKDFVARLKSGQ-
-1,HADGTFTSDMSSYLKDVAMKDFVARLKSGQ-
-1,HADGTFTSDMSSFMEDQALKDFVARLKSGQ-
-1,HVDGSFTSDVNKVLDAMAAKKYLLWVMTAK-
-1,HADGSFTSDFNKALDIKAAQEFLDWIIN---
-1,-AEGTFISDYSITMDKIRQQDFVNWLLAQKG
-1,-SEGTFISDYSIAMDKIRQQDFVNWLLAQKG
-1,-AEGTFISDYSIALEKIRQQEFVNWLLAQKG
-1,-AEGTFISDYSITMDKIRQQDFVNWLLAQKG
-1,HADGSFTSDFNKALDIKAAQEFLDWIIN---
-1,HADGSFTSDFNKALDIKAAQEFLDWIIN---
-1,HADGTFTSDVSSYLNDKAIKEFVAKLKS---
-1,HGDGSFTHDMTTALDSIAAKEFLNWVMNSK-
-1,HADGTYSSEIKTVLDSIAAKEFLNWVMNSK-
-1,HTDGTFTSDVSAYLNDRAVKEFVARLKSGQ-
-1,HADGSFTSDFNKALDIKAAQEFLDWIIN---
-1,HADGSFTSDFNKALDIKAAQEFLDWIIN---
-1,HADGSFTSDFNKALDIKAAQEFLDWIIN---
-1,HADGSFTSDFNKALDIKAAQEFLDWIIN---
-1,HADGSFTSDFNKALDIKAAQEFLDWIIN---
-1,HADGSFTNDINKVLDIIAAQEFLDWVINTQ-
-1,-AEGTFISDYSIAMDKIRQQDFVNWLLAQKG
-1,-AEGTFISDYSIAMDKIRQQDFVNWLLAQKG
-1,-AEGTFISDYSIAMDKIRQQDFVNWLLAQKG
-1,HSDGTYTSDFANNQDTIRAKDFVKWLTN---
-1,-AEGTFISDYSIAMDKIRQQDFVNWLLAQKG
-1,-AEGTFISDYSIAMDKIRQQDFVNWLLAQKG
-1,-AEGTFISDYSIAMDKIRQQDFVNWLLAQKG
-1,-AEGTFISDYSIAMDKIRQQDFVNWLLAQKG
-1,-AEGTFISDYSIAMDKIRQQDFVNWLLAQKG
-1,-AEGTFISDYSIAMDKIRQQDFVNWLLAQKG
-1,-AEGTFISDYSIAMDKIRQQDFVNWLLAQKG
-1,-AEGTFISDYSIAMDKIRQQDFVNWLLAQKG
-1,-AEGTFISDYSIAMDKIRQQDFVNWLLAQKG
-1,-AEGTFISDYSIAMDKIRQQDFVNWLLAQKG
-1,-AEGTFISDYSIAMDKIRQQDFVNWLLAQKG
-1,-AEGTFISDYSIAMDKIRQQDFVNWLLAQKG
-1,-AEGTFISDYSIAMDKIRQQDFVNWLLAQKG
-1,-AEGTFISDYSIAMDKIRQQDFVNWLLAQKG
-1,-AEGTFISDYSIAMDKIRQQDFVNWLLAQKG
-1,-AEGTFISDYSIAMDKIRQQDFVNWLLAQKG
-1,HADGSFTNDINKVLDAIAAQEFLDWVLN---
-1,-AEGTFISDYSIAMDKIRQQDFVNWLLAQKG
-1,-AEGTFISDYSIAMDKIRQQDFVNWLLAQKG
-1,-AEGTFISDYSIAMDKIRQQDFVNWLLAQRG
-1,-AEGTFISDYSIAMDKIRQQDFVNWLLAQKG
-1,-AEGTFISDYSIAMDKIRQQDFVNWLLAQRG
-1,-AEGTFISDYSIAMDKIRQQDFVNWLLAQRG
-1,-AEGTFISDYSIAMDKIRQQDFVNWLLAQKG
-1,-AEGTFISDYSIAMDKIRQQDFVNWLLAQKG
-1,-AEGTFISDYSIAMDKIRQQDFVNWLLAQKG
-1,-AEGTFISDYSIAMDKIRQQDFVNWLLAQKG
-1,-AEGTFISDYSIAMDKIRQQDFVNWLLAQKG
-1,-AEGTFISDYSIAMDKIRQQDFVNWLLAQKG
-1,-AEGTFISDYSIAMDKIRQQDFVNWLLAQKG
-1,-AEGTFISDYSIAMDKIRQQDFVNWLLAQKG
-1,-AEGTFISDYSIAMDKIRQQDFVNWLLAQKG
-1,-AEGTFISDYSIAMDKIRQQDFVNWLLAQKG
-1,-AEGTFISDYSIAMDKIRQQDFVNWLLAQKG
-1,-AEGTFISDYSIAMDKIRQQDFVNWLLAQKG
-1,-AEGTFISDYSIAMDKIRQQDFVNWLLAQKG
-1,-AEGTFISDYSIAMDKIRQQDFVNWLLAQKG
-1,-AEGTFISDYSIAMDKIRQQDFVNWLLAQKG
-1,-AEGTFISDYSIAMDKIRQQDFVNWLLAQKG
-1,-AEGTFISDYSIAMDKIRQQDFVNWLLAQKG
-1,-AEGTFISDYSIAMDKIRQQDFVNWLLAQKG
-1,-AEGTFISDYSIAMDKIRQQDFVNWLLAQKG
-1,-AEGTFISDYSIAMDKIRQQDFVNWLLAQKG
-1,-AEGTFISDYSIAMDKIRQQDFVNWLLAQKG
-1,-AEGTFISDYSIAMDKIRQQDFVNWLLAQKG
-1,-AEGTFISDYSIAMDKIRQQDFVNWLLAQKG
-1,-AEGTFISDYSIAMDKIRQQDFVNWLLAQKG
-1,-AEGTFISDYSIAMDKIRQQDFVNWLLAQKG
-1,-AEGTFISDYSIAMDKIRQQDFVNWLLAQKG
-1,-AEGTFISDYSIAMDKIRQQDFVNWLLAQKG
-1,-AEGTFISDYSIAMDKIRQQDFVNWLLAQKG
-1,-AEGTFISDYSIAMDKIRQQDFVNWLLAQKG
-1,-AEGTFISDYSIAMDKIRQQDFVNWLLAQKG
-1,-AEGTFISDYSIAMDKIRQQDFVNWLLAQKG
-1,-AEGTFISDYSIAMDKIRQQDFVNWLLAQKG
-1,-AEGTFISDYSIAMDKIRQQDFVNWLLAQKG
-1,-AEGTFISDYSIAMDKIRQQDFVNWLLAQKG
-1,-AEGTFISDYSIAMDKIRQQDFVNWLLAQKG
-1,-AEGTFISDYSIAMDKIRQQDFVNWLLAQKG
-1,-AEGTFISDYSIAMDKIRQQDFVNWLLAQKG
-1,-AEGTFISDYSIAMDKIRQQDFVNWLLAQKG
-1,-AEGTFISDYSIAMDKIRQQDFVNWLLAQKG
-1,-AEGTFISDYSIAMDKIRQQDFVNWLLAQKG
-1,-AEGTFISDYSIAMDKIRQQDFVNWLLAQKG
-1,-AEGTFISDYSIAMDKIRQQDFVNWLLAQKG
-1,-AEGTFISDYSIAMDKIRQQDFVNWLLAQKG
-1,HAEGTYTSDVSSYLQDRVAQNFVAWPKSGQ-
-1,-AEGTFISDYSIAMDKIRQQDFVNWLLAQKG
-1,-AEGTFISDYSIAMDKIRQQDFVNWLLAQKG
-1,-AEGTFISDYSIAMDKIRQQDFVNWLLAQKG
-1,-AEGTFISDYSIAMDKIRQQDFVNWLLAQKG
-1,-AEGTFISDYSIAMDKIRQQDFVNWLLAQKG
-1,-AEGTFISDYSIAMDKIRQQDFVNWLLAQKG
-1,-AEGTFISDYSIAMDKIRQQDFVNWLLAQKG
-1,-AEGTFISDYSIAMDKIHQQDFVNWLLAQKG
-1,-AEGTFISDYSIAMDKIRQQDFVDWLLAQKG
-1,-AEGTFISDYSIAMDKIHQQDFVNWLLAQKG
-1,-AEGTFISDYSIAMDKIRQQDFVDWLLAQKG
-1,-AEGTFISDYSIAMDKIHQQDFVNWLLAQKG
-1,-AEGTFISDYSIAMDKIHQQDFVNWLLAQKG
-1,-AEGTFISDYSIAMDKVRQQDFVNWLLAQKG
-1,-AEGTFISDYSIAMDKIHQQDFVNWLLAQKG
-1,-AEGTFISDYSIAMDKIHQQDFVNWLLAQKG
-1,-AEGTFISDYSIAMDKIHQQDFVNWLLAQKG
-1,HADGTFTSDMSSYLTDKAIRDFVARLKAGQ-
-1,HTDGTYTSDVSSYLQDQAVKDFITRLKSG--
-1,HVDGSFSSDVNHVLDTLAAREYILWVMSTK-
-1,-AEGTFISDYSIAMDKIRQQDFVDWLLAQKG
-1,-AEGTFISDYSIAMDKIRQQDFVDWLLAQKG
-1,HADGSFTNDINKVLDIIAAQEFLDWIIN---
-1,HNEGTYGSDYTELMDREKAREFVQWLIN---
-1,-SEGTFSNYYSKYQEERMARDFLHWLMNSK-
-1,HSDGTFTSDLSKQMEEEAVRLFIEWLKNG--
-1,-VDGTYTSEVNTVLDNTAAKEFLNWVMNSK-
-1,HADGTFSGEISTVLDTMAAKDFVNRILNSK-
-1,HADGTFTSDVASYLERQTVKAFIKFL-----
-1,HSDGSFTNDMNVMLDRMSAKNFLEWLKqQGRG
-1,-AEGTFISDYSIAMDKIRQQDFVDWLLAHQG
-1,HTDGTYTSDVSSYLQDQAVKDFITRLKS---
-1,HTDGTYTSDVSSYLQDQAVKDFITRLKS---
-1,HSEGMIASDLSIHMDKLRAKEFVDWLLN---
-1,HADGTFSSELITVLDAMATKDFINWALN---
-1,HSQGTFMSDYAKLLEARHALDFVQRLMNTK-
-1,HADGTFSHELSGVLDQLATKDFLNWLLQSK-
-1,-AEGTIISDYRIILDKIRQQEFVNWLLAQKG
-1,HADGTFTDDASSYFKNQAVKDFVARLKSGQ-
-1,HSEGTYNSDLHELLDEMATQEFLKWLLEAK-
-1,HADGSFSDEMNTILDNLAARDFINWLIQTK-
-1,HADGSFSDEMNTVLDNLATRDFINWLIKNK-
-1,HSEGTYNSDLHELLDEMATQEFLKWLLEAK-
-1,-AEGTLISDYSILMDKIRQHEFVNWLLSQKG
-1,HADGSFSDEMNTVLDSLAARDFINWLLQTK-
-1,-AEGTLFSDYSIAMDKIRQQDFVNWLLAQKG
-1,HADGSFSDEMNTVLDHLATKDFINWLIQTK-
-1,HADGSFSDEMSTVLDSLATRDFINWLIQTK-
-1,HADGSFSDEMNTVLDNLATKDFINWLLQTK-
-1,-AEGTLISDYSILMDKIRQHEFVNWLLAQKG
-1,HADGSFSDEMNTVLDNLATRDFINWLIQTK-
-1,-AEGTLISDYSILMDKIRQHEFVNWLLAQKG
-1,-AEGTLISDYSILMDKIRQHEFVNWLLAQKG
-1,HADGSFSDEMNTVLDNLATRDFINWLIQTK-
-1,HADGSFSDEMNTILDNLAARDFINWLLQTK-
-1,HADGSFSDEMNTVLDTLATRDFINWLIQTK-
-1,HADGSFSDEMNTVLDNLATRDFINWLIQTK-
-1,HADGSFSDEMNTVLDNLATRDFINWLIQTK-
-1,HADGSFSDEMNTVLDNLATRDFINWLIQTK-
-1,-AEGTLISDYSILMDKIRQHEFVNWLLAQKG
-1,-AEGTLISDYSILMDKIRQHEFVNWLLAQKG
-1,-AEGTLISDYSILMDKIRQHEFVNWLLAQKG
-1,-AEGTLISDYSILMDKIRQHEFVNWLLAQKG
-1,-AEGTLISDYSILMDKIRQHEFVNWLLAQKG
-1,-AEGTLISDYSILMDKIRQHEFVNWLLAQKG
-1,-AEGTLISDYSILMDKIRQHEFVNWLLAQKG
-1,HADGSFSDEMNTVLDNLATRDFINWLIQTK-
-1,HADGSFSDEMNTVLDNLATRDFINWLIQTK-
-1,-AEGTLISDYSILMDKIRQHEFVNWLLAQKG
-1,-AEGTLISDYSILMDKIRQHEFVNWLLAQKG
-1,HADGSFSDEMNTVLDDLATRDFINWLLQTK-
-1,HFDGVYTDYFSRYLEEKATNEFIDWLLKGQ-
-1,HADGSFSDEMNTVLDNLATRDFINWLLHTK-
-1,HADGSFSEELNTVLDNLATRDFINWLLQTK-
-1,HAEGSFSDEMNTVLDNLATQDFINWLLQNK-
-1,HADGSFSDEMNTVLDTLATRDFINWLLQTK-
-1,HADGSFSDEMNTVLDNLATRDFINWLLQTK-
-1,HAEGSFSDEMNTVLDNLATQDFINWLLQNK-
-1,HADGSFSDEMNTILDSLATRDFINWLIQTK-
-1,HADGSFSDEMNTVLDNLATRDFINWLLQTK-
-1,HADGTFSHELSGVLDQLATKDFLNWLL----
-1,HAEGSFSDEMNTVLDNLATRDFINWLLQNK-
-1,HADGSFSDEMNTVLDSLATRDFINWLLQTK-
-1,HADGSFSDEMNTILDNLATRDFINWLIQTK-
-1,HADGSFSDEMNTVLDNLATRDFINWLLQTK-
-1,HADGSFSDEMNTILDNLATRDFINWLIQTK-
-1,HADGSFSDEMNTILDNLATRDFINWLIQTK-
-1,HADGSFSDEMNTVLDNLATRDFINWLLQTK-
-1,HADGSFSDEMNTMLDNLATRDFINWLIQTK-
-1,HADGSFSDEMNTVLDTLATRDFINWLLQTK-
-1,HADGSFSDEMNTVLDNLATRDFINWLLQTK-
-1,HADGSFSDEMNTILDNLATRDFINWLIQTK-
-1,HADGSFSDEMNTILDSLATRDFINWLIQTK-
-1,HADGSFSDEMNTILDNLATRDFINWLIQTK-
-1,HADGSFSDEMNTILDNLATRDFINWLIQTK-
-1,HADGSFSDEMNTILDNLATRDFINWLIQTK-
-1,HADGSFSDEMNTILDNLATRDFINWLIQTK-
-1,HADGSFSDEMNTVLDSLATRDFINWLLQTK-
-1,HADGSFSDEMNTILDNLATRDFINWLIQTK-
-1,HADGSFSDEMNTILDSLATRDFINWLIQTK-
-1,HADGSFSEEMNTVLDSLATRDFINWLLQTK-
-1,HADGSFSDEMNTVLDNLATRDFINWLLQTK-
-1,HADGSFSDEMNTVLDNLATRDFINWLLQTK-
-1,HADGSFSDEMNTVLDNLATRDFINWLLQTK-
-1,HADGSFSDEMNTVLDTLATRDFINWLLQNK-
-1,HAEGSFSDEMNTVLDNLATQDFINWLLQNK-
-1,-AEGTLISDYSILMDKIRQLEFVNWLLAQKG
-1,HAEGSFSDEMNTVLDNLATQDFINWLLQNK-
-1,HADGSFSDEMNTVLDSLATRDFINWLLQTK-
-1,HADGSFSDEMNTVLDNLATRDFINWLLQTK-
-1,HADGSFSDEMNTVLDNLATRDFINWLLQTK-
-1,HADGSFSDEMNTVLDNLATRDFINWLLQTK-
-1,HADGSFSDEMNTVLDNLATRDFINWLLQTK-
-1,HADGSFSDEMNTVLDNLATRDFINWLLQTK-
-1,HADGSFSDEMNTVLDNLATRDFINWLLQTK-
-1,HADGSFSDEMNTILDSLATRDFINWLIQTK-
-1,HSQGTFMSDYAKLLEAKHALDLVQRLMSTK-
-1,HVKGMYASDVSKYLEELAARQFIKYLI----
-1,HAEGSFSDEMNTVLDNLATREFINWLLQNK-
-1,HADGSFSDEMNTVLDNLATREFINWLLQTK-
-1,-SEAILASDYSKYVDTMMTKNFVDWLIAAK-
-1,HADGSFSDEMNTILDNLATQDFINWLLQTK-
-1,HADGSFSDEMNTVLDNLATRDFIKWLLQNK-
-1,HADGSFSDEMNTVLDHLATRDFINWLLQTK-
-1,-SEAILASDYSKYVDTMMSKNFVDWLIAAK-
-1,HADGSFSDEMNALLDSLATRDFINWLLQTK-
-1,HADGSFSDEMNTVLDSLATRDFINWLLQMK-
-1,-SEGTFINDYSRALSSLQEKKFVDWLLKQK-
-1,HVKGMYTNDVSKSLEELAARQFIKYLIHKR-
-1,HADGSFSDEMNTVLDNLATREFINWLRQNK-
-1,HADGSFSDEMNTVLDNLATREFINWLRQNK-
-1,HVDGSFTSDVNKVLDSLAAKEY---------
-1,-SEAIF-SDVSTYLLDQAAKDFVSWLKSG--
-1,HPDGTYNSDLHEILDEIATQEFLKWVLEAK-
-1,HPDGTYNSDLHEILDEIATQEFLKWVLEAK-
-1,HPDGTYNSDLHEILDEIATQEFLKWVLEAK-
-1,HAEGSFSDEMNTVLDKFVTRDFIKWLLQKK-
-1,HADGTFTDDASSDFYDQAIKDFVAKLKSGQ-
-1,-SEGTFIDDYSRALSSLQEKKFVDWLLKQK-
-1,-SEGSSKNNLREYLELEAAKDFIDRLIKGRG
-1,HSEGTFSNDYNR-----RAQDFVQRLMTSR-
-1,-SEGTYNSELHEILDEIATQEFLNWLLEAK-
-1,-SEGTYNSELHEILDEIATQEFLNWLLEAK-
-1,HAEGSFSDEMSTYLDILITLDFINWL-----
-1,-SEGTYNSELHEILDEIATQEFLNWLLEAK-
-1,-SEGTYNSELHEILDEIATQEFLNWLLEAK-
-1,HAEGTFTSDVSSYLEGQAAKEFIAWLVKGRG
-1,HSQGTFTSDYSKYLDSRRAQDFVQWLMNTK-
-1,HSQGTFTSDYSKYLDTRRAQDFVQWLMNTK-
-1,HSQGTFTSDYSKYLDTRRAQDFVQWLMNTK-
-1,HSQGTFTSDYSKYLDSRRAQDFVQWLMNTK-
-1,HSQGTFTSDYSKYLDSRRAQDFVQWLMNTK-
-1,HSQGTFTSDYSKYLDSRRAQDFVQWLMNTK-
-1,HSQGTFTSDYSKYLDSRRAQDFVQWLMNTK-
-1,HSQGTFTSDYSKYLDSRRAQDFVQWLMNSK-
-1,HSQGTFTSDYSKYLDSRRAQDFVQWLMNSK-
-1,HSQGTFTSDYSKYLDSRRAQDFIQWLMNTK-
-1,HSQGTFTNDYSKYLETRRAQDFVQWLMNSK-
-1,HSQGTFTNDYSKYLETRRAQDFVQWLMNSK-
-1,HSQGTFTSDYSKYLDAKRAQDFVEWLMTSK-
-1,HSQGTFTSDYSKYLDTRRAQDFVQWLMSTK-
-1,HSQGTFTSDYSKYLDTRRAQDFVQWLMSTK-
-1,HSQGTFTSDYSKYLDTRRAQDFVQWLMSTK-
-1,HSEGTFTSDYSKYLENKQAKDFVRWLMNAK-
-1,HSEGTFSNDYSKYLETRRAQDFVEWLMNSK-
-1,HSEGTFSNDYSKYLEDRKAQDFVRWLMNNK-
-1,HSEGTFSNDYSKYLEDRKAQDFVRWLMNNK-
-1,HSEGTFSNDYSKYLEDRKAQDFVRWLMNNK-
-1,HSEGTFSNDYSKYLEDRKAQDFVRWLMNNK-
-1,HSEGTFSNDYSKYLEDRKAQDFVRWLMNNK-
-1,HSEGTFSNDYSKYLEDRKAQDFVRWLMNNK-
-1,HSEGTFSNDYSKYLETQRAQDFVQWLMNSK-
-1,HSQGTFTNDYSKYLDTRRAQDFVQWLMSTK-
-1,HSEGTFSNDYSKYLETRRAQDFVQWLMNSK-
-1,HSEGTFSNDYSKYLETRRAQDFVQWLMNSK-
-1,HSEGTFSNDYSKYLETRRAQDFVQWLMNAK-
-1,HSEGTFTSDFTRYLDKMKAKDFVHWLINTK-
-1,HSEGTFSNDYSRYLEERKAQDFVRWLMNNK-
-1,HSEGTFSNDYSKYLEGRKAQDFVRWLMNNK-
-1,HSEGTFTSDFTRYLDKMKAKDFVHWLINTK-
-1,HSEGTFSSDYSKYLDSRRAKDFVQWLMSTK-
-1,HSEGTFTSDFTRYLDKMKAKDFVHWLINTK-
-1,HSEGTFTSDFTRYLDKMKAKDFVHWLINTK-
-1,HSEGTFTSDFTRYLDRMKAKDFVHWLINTK-
-1,HSQGMFTNDYSKYLEEKRAKEFVEWLKNG--
-1,HSEGTFSNDYSKYLETRRAQDFVQWLKNSK-
-1,HSEGTFSNDYSKYLEDRKAQDFVRWLMSNK-
-1,HSEGTFSNDYSKYLETRRAQDFVQWLKNSK-
-1,HSQGMFTNDFSKYLEEEHAKEFVEWLKNGK-
-1,HSEGTFSNDYSKFLEEKKAQDFVQWLMNNK-
-1,HSEGTFSNDYSKFLEEKKAQDFVQWLMNNK-
-1,HSQGTFTNDYTNYLEDRQAQDFIRWLMNNK-
-1,HSQGTFTSDYSKLLDTIRAQQFVQWLMNSK-
-1,HAEGTFTSDVSSYLEGQAAKEFIAWLVKGRG
-1,HAEGTFTSDVSSYLEGQAAKEFIAWLVKGRG
-1,HAEGTFTSDVSSYLEGQAAKEFIAWLVKGRG
-1,HAEGTFTSDVSSYLEGQAAKEFIAWLVKGRG
-1,HSEGTFSNDYSKYQEERMAQDFVQWLMNSK-
-1,HSEGTFANDYSKFLEDRKAQDFVRWLMSNK-
-1,HSEGTFANDYSKFLEDRKAQDFVRWLMSNK-
-1,HADGTYTSDISSYLEGQAAKEFIAWLVNGRG
-1,HADGTYTSDVSSYLQDQAAKEFVSWLKTGRG
-1,HSQGTFTSDYSKHLDAIRAKQFVDWLMNYK-
-1,HAEGTYTSDITSYLEGQAAKEFIAWLVNGRG
-1,HAEGTYTSDITSYLEGQAAKEFIAWLVNGRG
-1,HADGTYTSDVSAYLQDQAAKEFVSWLKTGRG
-1,HSEGTFTSDFTEHLDNMKARDFVHWLINAK-
-1,HAEGTYTSDMSSYLQDQAAKEFVSWLKMGRG
-1,HAEGTYTSDISSYLEGQAANEFVRWLLKGRG
-1,HAEGTFTSDISSYLEGQAAKEFIAWLVKGPG
-1,HADGTFTSDMSSYLEEKAAKEFVDWLIKGR-
-1,HADGTFTSDMSSYLEEKAAKEFVDWLIKGR-
-1,HAEGTYTSDISSYLEGQAVNEFIRWLMKGRG
-1,HAEGTFTSDLSSYLEGQAAKEFIAWLVKGLG
-1,HADGSYTSDISSYLEGQAAKEFIAWLVNGRG
-1,HSEGTFSSDFTRRLDWMRAREFVHWLIDAK-
-1,HAEGTYTNDVTEYLEEKAAKEFIEWLINGK-
-1,HSDGTFTSDLSKQMEEEAVRLFIEWLKNG--
-1,HGEGTFTSDLSKQMEEEAVRLFIEWLKNG--
-1,HADGTYTSDVSTYLQDQAAKDFVSWLKSGR-
-1,HSEGTFSNHYSKYQEERMARDFVQWLMNTR-
-1,HSEGTFTSDFSSYLDGKAAKEFVAWLV----
-1,HADGRYTSDISSYLEGQAAKEFIAWLVNGRG
-1,HAEGTFTNDMTNYLEEKAAKEFVGWLINGR-
-1,HAEGTYTSDLSSYLQDQAAQNFVAWLKSGQ-
-1,HAEGTYTSDVSSYLQDQAAQSFVAWLKSGQ-
-1,HAEGTFTSDVTQHLDEKAAKEFIDWLING--
-1,HAEGTFTSDVTQHLDEKAAKEFIDWLING--
-1,HSDGTFTNDYTHYLDKIKAKDFVQWLASTK-
-1,HSQGSFTSDYSKHLDVKQAKDFVTWLLNTK-
-1,HSQGSFTSDYSKHLDVKQAKDFVTWLLNTK-
-1,HADGTYTSDISAYLQDQAAKDFITWLKNGQ-
-1,-AEGTFISDYSIAMDKIRQQDFVDWLLAQKG
-1,HADGTYTSDVSTYLQDQAAKDFVSWLKSG--
-1,HADGTYTSDVSTYLQDQAAKDFVSWLKSG--
-1,-AEGTFISDYSIAMDKIRQQDFVNWLLAQKG
-1,-AEGTFISDYSIAMDKIRQQDFVNWLLAQKG
-1,-AEGTFISDYSIAMDKIRQQDFVNWLLAQKG
-1,-AEGTFISDYSIAMDKIRQQDFVNWLLAQKG
-1,-AEGTFISDYSIAMDKIRQQDFVNWLLAQKG
-1,-AEGTFISDYSIAMDKIRQQDFVNWLLAQKG
-1,-AEGTFISDYSIAMDKIRQQDFVNWLLAQRG
-1,-AEGTFISDYSIAMDKIRQQDFVNWLLAQKG
-1,-AEGTFISDYSIAMDKIRQQDFVNWLLAQKG
-1,-AEGTFISDYSIAMDKIRQQDFVNWLLAQKG
-1,-AEGTFISDYSIAMDKIRQQDFVNWLLAQKG
-1,HTDGIFSSDYSKYLDNRRTKDFVQWLLSTK-
-1,HADGTYTSDVSSYLQDQAAKDFITWLKSGQ-
-1,-AEGTFISDYSIAMDKIRQQDFVNWLLAQKG
-1,HAEGTFTNDMTNYLEEKAAKEFVGWLIKGR-
-1,-AEGTFISDYSIAMDKIRQQDFVNWLLAQKG
-1,HADGTYTSDISSYLQDQAAKEFVSWLKTAQ-
-1,-AEGTFISDYSIALDKIRQQDFVNWLLAQKG
-1,-AEGTFISDYSIALDKIRQQDFVNWLLAQKG
-1,HSQGTFTSDYSKYLDRKMAYSFIDSLM----
-1,HADGTFTSDYNKLLDDIATQEFLKWLINQK-
-1,-AEGTFISDYSIAMDKIHQQDFVNWLLAQKG
-1,-AEGTFISDYSIAMDKIHQQDFVNWLLAQKG
-1,HTEGTFTSNLSSYLEGQAAKEFIAWLVKGLG
-1,HADGTFTSDYNKLLDDIATQEFLKWLINQK-
-1,HADGTFTSDINKILDDMAAKEFLKWLINTK-
-1,HADGTFTSDINKILDDMAAKEFLKWLINTK-
-1,HADGTFTSDINKILDDMAAKEFLKWLLNTK-
-1,-AEGTFISDYSITMDKIMQQDFVNWLLSQKG
-1,HADGTYTSDVSSYLQDQAAKKFVTWLKQGQ-
-1,HAEGTYTSDISSFLRDQAAQNFVAWLKSGQ-
-1,HAEGTYTNDVTQFLEEKAAKEFIDWLIKGK-
-1,HAEGTYTNDVTQFLEEKAAKEFIDWLIKGK-
-1,HTEGTFTSDLSSYLE-QAAKEFIAWLVKGLG
-1,HADGTFTSDYNQLLDDIATQEFLKWLINQK-
-1,-AEGTLFSDYSIAMDKIRQQDFVNWLLAQKG
-1,HADGTFTNDMTSYLDAKAARDFVSWL-----
-1,-SEGTLASDYSRTLDNMLKKNFVEWLLNRR-
-1,HAEGTYTNDVTEYLEEKATKAFIEWLIKGK-
-1,HSQDTFTNEYNKYLEAKHAQEFVQWLIKSK-
-1,-SEGTFSNYYSKYQEERMARDFLHWLMNSK-
-1,HADGTFTSDVSSYLKEQAIKDFVDKLKSGK-
-1,HADGTFTSDVSSYLKEQAIKDFVDKLKSGK-
-1,HADGSFTSDFNKALDIKAAQEFLDWIINTPG
-1,HADGSFTSDFNKALDIKAAQEFLDWIINTPG
-1,HSQGTFMSDYAKLLEARHALDFVQRLMNTK-
-1,HADGTFTSDVSSYLKDQAIKDFVNRLKSGQ-
-1,HADGTFTSDVSSYLKDQAIKDFVARLKAGQ-
-1,HADGTFTSDVSSYLKDQAIKDFVARLKAGQ-
-1,HADGTFTSDVSSYLKDQAIKDFVAQLKSGQ-
-1,HSEGTFTSDFSSYLDYKATKEFIAQLTKGLG
-1,HADGTFTSDVSSYLSDQAIKDFVAKLKSGQ-
-1,HADGTFTSDVSSYLSDQAIKDFVAKLKSGQ-
-1,HTEEDYPSDFSSYLEAKAARDFINWLIKGRG
-1,HSEGTFTNDVTRLLEEKATSEFIAWLLKG--
-1,HADGTFTSDVSSYLTDQAIKDFVAKLKSGQ-
-1,HSEGTFTNDVTRLLEEKATSEFIAWLLKG--
-1,HADGTFTSDVSSYLKQQAIKDFVARLKAGQ-
-1,-AEGTFTSDLSSYL-GQAAKEFIAWLVKGLG
-1,HADGTFTSDVSAYLKEQAIKDFVAKLKSGQ-
-1,HADGTFTSDVSSFLKDQAIKDFVANLKSGQ-
-1,HADGSFTSDVNNVLDSIAAKEFIIWVMNSK-
-1,HADGTFTSDVSSFLKDQAIKDFVANLKSGQ-
-1,-SEATLASDYSRTMDDMLKKNFVEWLLARR-
-1,-SEATLASDYSRTMDDMLKKNFVEWLLARR-
-1,HVDGTFTSDVNKVLDSMAAKEYLLWVMASK-
-1,HVDGSFTSDVNKVLDSIAAKEYLQWVMNSK-
-1,HIDGTFTSDVNKVLDSMAAKEYLLWVMTSK-
-1,HTEGSY-RDISSYLEAKAAKDFINWLIKGRG
-1,HADGTFTSEINVVLDTMAAKEFLNWIINSK-
-1,HADGTITNDMNNVLESIATREFLNWLINSKG
-1,HADGTFTSEINIVLDTIAAKEFLNWILNSK-
-1,HADGTVTSDINSVLESIATREFLNWLINAK-
-1,HADGSFTNDINKVLDIIAAQEFLDWVINTQ-
-1,HAEGTYTSDITSYLEGQAAKEFI--------
-1,HVDGSFTSDVHNALDSIAAKEFLLWVMNSK-
-1,HSQGTFMSDYAKLLEAKHALDLVQRLMSTK-
-1,HVEGArrteedYPNDFSSYLEAKAAKDFIDWLIKGQG
-1,HVDGSFTSDVNKVLDSLAAKEYLQWVMN---
-1,HVDGSFTSDVNKVLDSMAAKEYLLWVMTSK-
-1,HVDGSFTSDVNKVLDSMAAKEYLLWVMTSK-
-1,HVDGSFTSDVNKVLDSMAAKEYLLWVMTSK-
-1,HVDGSFTSDVNKVLDSMAAKEYLLWVMTSK-
-1,HVDGSFTSDVNKVLDSMAAKEYLLWVMTSK-
-1,HADGSFTNDINKVLDIIAAQEFLDWIIN---
-1,-SEAILASDYSRTMDNMLKKNFVEWLLARR-
-1,-SEAILASDYSRTMDNMLKKNFVEWLLARR-
-1,HSDGSFTNDMNVMLDRMSAKNFLEWLKqQGRG
-1,HSDGSFTNDMNVMLDRMSAKNFLEWLKqQGRG
-1,HVDGSFTSDVNKVLDSLAAKEYLLWVMTSK-
-1,HVDGSFTSDVNKVLDSLAAKEYLLWVMTSK-
-1,HVDGSFTSDVNKVLDSLAAKEYLLWVMTSK-
-1,HVDGSFTSDVNKVLDSLAAKEYLLWVMTSK-
-1,HVDGSFTSDVNKVLDSLAAKEYLLWVMTSK-
-1,HVDGSFTSDVNKVLDSLAAKEYLLWVMTSK-
-1,HVDGSFTSDVNKVLDSLAAKEYLLWVMTSK-
-1,HFDGVYTDYFSRYLEEKATNEFIDWLLKGQ-
-1,HVDGSFTSDVNNVLDSLAAKEYLLWVMTSK-
-1,-SEAILASDYSRSVDNMLKKNFVDWLLARR-
-1,HADGTFSHELSGVLDQLATKDFLNWLLQSK-
-1,HADGTFTDDASSDFYDQAIKDFVAKLKSGQ-
-1,HAEGSFSDEMNTVLDNLATQDFINWLLQNK-